STATION,NAME,LATITUDE,LONGITUDE,ELEVATION,DATE,PRCP,PRCP_ATTRIBUTES,TMAX,TMAX_ATTRIBUTES,TMIN,TMIN_ATTRIBUTES
ASN00087113,"AVALON AIRPORT, AS",-38.0287,144.4783,10.6,1/01/2019,0,",,a",79,",,a",52,",,a"
ASN00087113,"AVALON AIRPORT, AS",-38.0287,144.4783,10.6,2/01/2019,0,",,a",76,",,a",63,",,a"
ASN00087113,"AVALON AIRPORT, AS",-38.0287,144.4783,10.6,3/01/2019,0,",,a",93,",,a",58,",,a"
ASN00087113,"AVALON AIRPORT, AS",-38.0287,144.4783,10.6,4/01/2019,0,",,a",114,",,a",59,",,a"
ASN00087113,"AVALON AIRPORT, AS",-38.0287,144.4783,10.6,5/01/2019,0,",,a",74,",,a",60,",,a"
ASN00087113,"AVALON AIRPORT, AS",-38.0287,144.4783,10.6,6/01/2019,0,",,a",75,",,a",52,",,a"
ASN00087113,"AVALON AIRPORT, AS",-38.0287,144.4783,10.6,7/01/2019,0,",,a",77,",,a",62,",,a"
ASN00087113,"AVALON AIRPORT, AS",-38.0287,144.4783,10.6,8/01/2019,0,",,a",77,",,a",56,",,a"
ASN00087113,"AVALON AIRPORT, AS",-38.0287,144.4783,10.6,9/01/2019,0,",,a",72,",,a",56,",,a"
ASN00087113,"AVALON AIRPORT, AS",-38.0287,144.4783,10.6,10/01/2019,0,",,a",72,",,a",49,",,a"
ASN00087113,"AVALON AIRPORT, AS",-38.0287,144.4783,10.6,11/01/2019,0,",,a",87,",,a",52,",,a"
ASN00087113,"AVALON AIRPORT, AS",-38.0287,144.4783,10.6,12/01/2019,0,",,a",78,",,a",62,",,a"
ASN00087113,"AVALON AIRPORT, AS",-38.0287,144.4783,10.6,13/01/2019,0,",,a",84,",,a",57,",,a"
ASN00087113,"AVALON AIRPORT, AS",-38.0287,144.4783,10.6,14/01/2019,0,",,a",96,",,a",64,",,a"
ASN00087113,"AVALON AIRPORT, AS",-38.0287,144.4783,10.6,15/01/2019,0,",,a",92,",,a",64,",,a"
ASN00087113,"AVALON AIRPORT, AS",-38.0287,144.4783,10.6,16/01/2019,0.01,",,a",82,",,a",62,",,a"
ASN00087113,"AVALON AIRPORT, AS",-38.0287,144.4783,10.6,17/01/2019,0,",,a",98,",,a",66,",,a"
ASN00087113,"AVALON AIRPORT, AS",-38.0287,144.4783,10.6,18/01/2019,0.02,",,a",81,",,a",69,",,a"
ASN00087113,"AVALON AIRPORT, AS",-38.0287,144.4783,10.6,19/01/2019,0.04,",,a",77,",,a",53,",,a"
ASN00087113,"AVALON AIRPORT, AS",-38.0287,144.4783,10.6,20/01/2019,0,",,a",78,",,a",58,",,a"
ASN00087113,"AVALON AIRPORT, AS",-38.0287,144.4783,10.6,21/01/2019,0,",,a",81,",,a",64,",,a"
ASN00087113,"AVALON AIRPORT, AS",-38.0287,144.4783,10.6,22/01/2019,0,",,a",86,",,a",62,",,a"
ASN00087113,"AVALON AIRPORT, AS",-38.0287,144.4783,10.6,23/01/2019,0,",,a",78,",,a",60,",,a"
ASN00087113,"AVALON AIRPORT, AS",-38.0287,144.4783,10.6,24/01/2019,0,",,a",100,",,a",62,",,a"
ASN00087113,"AVALON AIRPORT, AS",-38.0287,144.4783,10.6,25/01/2019,0,",,a",114,",,a",71,",,a"
ASN00087113,"AVALON AIRPORT, AS",-38.0287,144.4783,10.6,26/01/2019,0,",,a",80,",,a",63,",,a"
ASN00087113,"AVALON AIRPORT, AS",-38.0287,144.4783,10.6,27/01/2019,0,",,a",86,",,a",62,",,a"
ASN00087113,"AVALON AIRPORT, AS",-38.0287,144.4783,10.6,28/01/2019,0,",,a",90,",,a",54,",,a"
ASN00087113,"AVALON AIRPORT, AS",-38.0287,144.4783,10.6,29/01/2019,0,",,a",100,",,a",57,",,a"
ASN00087113,"AVALON AIRPORT, AS",-38.0287,144.4783,10.6,30/01/2019,0,",,a",97,",,a",57,",,a"
ASN00087113,"AVALON AIRPORT, AS",-38.0287,144.4783,10.6,31/01/2019,0.06,",,a",73,",,a",60,",,a"
ASN00087113,"AVALON AIRPORT, AS",-38.0287,144.4783,10.6,1/02/2019,0,",,a",73,",,a",57,",,a"
ASN00087113,"AVALON AIRPORT, AS",-38.0287,144.4783,10.6,2/02/2019,0,",,a",93,",,a",55,",,a"
ASN00087113,"AVALON AIRPORT, AS",-38.0287,144.4783,10.6,3/02/2019,0,",,a",99,",,a",59,",,a"
ASN00087113,"AVALON AIRPORT, AS",-38.0287,144.4783,10.6,4/02/2019,0,",,a",74,",,a",63,",,a"
ASN00087113,"AVALON AIRPORT, AS",-38.0287,144.4783,10.6,5/02/2019,0,",,a",79,",,a",62,",,a"
ASN00087113,"AVALON AIRPORT, AS",-38.0287,144.4783,10.6,6/02/2019,0,",,a",90,",,a",65,",,a"
ASN00087113,"AVALON AIRPORT, AS",-38.0287,144.4783,10.6,7/02/2019,0.29,",,a",85,",,a",66,",,a"
ASN00087113,"AVALON AIRPORT, AS",-38.0287,144.4783,10.6,8/02/2019,0.01,",,a",80,",,a",66,",,a"
ASN00087113,"AVALON AIRPORT, AS",-38.0287,144.4783,10.6,9/02/2019,0,",,a",71,",,a",57,",,a"
ASN00087113,"AVALON AIRPORT, AS",-38.0287,144.4783,10.6,10/02/2019,0.02,",,a",78,",,a",51,",,a"
ASN00087113,"AVALON AIRPORT, AS",-38.0287,144.4783,10.6,11/02/2019,0,",,a",81,",,a",55,",,a"
ASN00087113,"AVALON AIRPORT, AS",-38.0287,144.4783,10.6,12/02/2019,0,",,a",68,",,a",59,",,a"
ASN00087113,"AVALON AIRPORT, AS",-38.0287,144.4783,10.6,13/02/2019,0.02,",,a",71,",,a",48,",,a"
ASN00087113,"AVALON AIRPORT, AS",-38.0287,144.4783,10.6,14/02/2019,0,",,a",78,",,a",50,",,a"
ASN00087113,"AVALON AIRPORT, AS",-38.0287,144.4783,10.6,15/02/2019,0,",,a",76,",,a",54,",,a"
ASN00087113,"AVALON AIRPORT, AS",-38.0287,144.4783,10.6,16/02/2019,0,",,a",78,",,a",57,",,a"
ASN00087113,"AVALON AIRPORT, AS",-38.0287,144.4783,10.6,17/02/2019,0,",,a",87,",,a",56,",,a"
ASN00087113,"AVALON AIRPORT, AS",-38.0287,144.4783,10.6,18/02/2019,0,",,a",78,",,a",62,",,a"
ASN00087113,"AVALON AIRPORT, AS",-38.0287,144.4783,10.6,19/02/2019,0,",,a",72,",,a",54,",,a"
ASN00087113,"AVALON AIRPORT, AS",-38.0287,144.4783,10.6,20/02/2019,0,",,a",77,",,a",49,",,a"
ASN00087113,"AVALON AIRPORT, AS",-38.0287,144.4783,10.6,21/02/2019,0,",,a",72,",,a",52,",,a"
ASN00087113,"AVALON AIRPORT, AS",-38.0287,144.4783,10.6,22/02/2019,0,",,a",74,",,a",58,",,a"
ASN00087113,"AVALON AIRPORT, AS",-38.0287,144.4783,10.6,23/02/2019,0,",,a",77,",,a",60,",,a"
ASN00087113,"AVALON AIRPORT, AS",-38.0287,144.4783,10.6,24/02/2019,0,",,a",88,",,a",60,",,a"
ASN00087113,"AVALON AIRPORT, AS",-38.0287,144.4783,10.6,25/02/2019,0,",,a",97,",,a",54,",,a"
ASN00087113,"AVALON AIRPORT, AS",-38.0287,144.4783,10.6,26/02/2019,0,",,a",76,",,a",62,",,a"
ASN00087113,"AVALON AIRPORT, AS",-38.0287,144.4783,10.6,27/02/2019,0,",,a",81,",,a",54,",,a"
ASN00087113,"AVALON AIRPORT, AS",-38.0287,144.4783,10.6,28/02/2019,0,",,a",105,",,a",59,",,a"
ASN00087113,"AVALON AIRPORT, AS",-38.0287,144.4783,10.6,1/03/2019,0,",,a",104,",,a",71,",,a"
ASN00087113,"AVALON AIRPORT, AS",-38.0287,144.4783,10.6,2/03/2019,0,",,a",103,",,a",67,",,a"
ASN00087113,"AVALON AIRPORT, AS",-38.0287,144.4783,10.6,3/03/2019,0,",,a",101,",,a",75,",,a"
ASN00087113,"AVALON AIRPORT, AS",-38.0287,144.4783,10.6,4/03/2019,0,",,a",80,",,a",61,",,a"
ASN00087113,"AVALON AIRPORT, AS",-38.0287,144.4783,10.6,5/03/2019,0,",,a",79,",,a",59,",,a"
ASN00087113,"AVALON AIRPORT, AS",-38.0287,144.4783,10.6,6/03/2019,0.04,",,a",66,",,a",53,",,a"
ASN00087113,"AVALON AIRPORT, AS",-38.0287,144.4783,10.6,7/03/2019,0.07,",,a",71,",,a",43,",,a"
ASN00087113,"AVALON AIRPORT, AS",-38.0287,144.4783,10.6,8/03/2019,0,",,a",81,",,a",52,",,a"
ASN00087113,"AVALON AIRPORT, AS",-38.0287,144.4783,10.6,9/03/2019,0,",,a",77,",,a",54,",,a"
ASN00087113,"AVALON AIRPORT, AS",-38.0287,144.4783,10.6,10/03/2019,0,",,a",74,",,a",52,",,a"
ASN00087113,"AVALON AIRPORT, AS",-38.0287,144.4783,10.6,11/03/2019,0.01,",,a",74,",,a",59,",,a"
ASN00087113,"AVALON AIRPORT, AS",-38.0287,144.4783,10.6,12/03/2019,0.01,",,a",71,",,a",56,",,a"
ASN00087113,"AVALON AIRPORT, AS",-38.0287,144.4783,10.6,13/03/2019,0,",,a",66,",,a",47,",,a"
ASN00087113,"AVALON AIRPORT, AS",-38.0287,144.4783,10.6,14/03/2019,0,",,a",72,",,a",45,",,a"
ASN00087113,"AVALON AIRPORT, AS",-38.0287,144.4783,10.6,15/03/2019,0,",,a",72,",,a",51,",,a"
ASN00087113,"AVALON AIRPORT, AS",-38.0287,144.4783,10.6,16/03/2019,0,",,a",79,",,a",58,",,a"
ASN00087113,"AVALON AIRPORT, AS",-38.0287,144.4783,10.6,17/03/2019,0,",,a",79,",,a",60,",,a"
ASN00087113,"AVALON AIRPORT, AS",-38.0287,144.4783,10.6,18/03/2019,0,",,a",80,",,a",62,",,a"
ASN00087113,"AVALON AIRPORT, AS",-38.0287,144.4783,10.6,19/03/2019,0,",,a",75,",,a",65,",,a"
ASN00087113,"AVALON AIRPORT, AS",-38.0287,144.4783,10.6,20/03/2019,0,",,a",73,",,a",64,",,a"
ASN00087113,"AVALON AIRPORT, AS",-38.0287,144.4783,10.6,21/03/2019,0,",,a",75,",,a",66,",,a"
ASN00087113,"AVALON AIRPORT, AS",-38.0287,144.4783,10.6,22/03/2019,0,",,a",83,",,a",66,",,a"
ASN00087113,"AVALON AIRPORT, AS",-38.0287,144.4783,10.6,23/03/2019,0.01,",,a",93,",,a",64,",,a"
ASN00087113,"AVALON AIRPORT, AS",-38.0287,144.4783,10.6,24/03/2019,0.04,",,a",91,",,a",57,",,a"
ASN00087113,"AVALON AIRPORT, AS",-38.0287,144.4783,10.6,25/03/2019,0,",,a",66,",,a",58,",,a"
ASN00087113,"AVALON AIRPORT, AS",-38.0287,144.4783,10.6,26/03/2019,0,",,a",71,",,a",51,",,a"
ASN00087113,"AVALON AIRPORT, AS",-38.0287,144.4783,10.6,27/03/2019,0,",,a",70,",,a",44,",,a"
ASN00087113,"AVALON AIRPORT, AS",-38.0287,144.4783,10.6,28/03/2019,0,",,a",86,",,a",43,",,a"
ASN00087113,"AVALON AIRPORT, AS",-38.0287,144.4783,10.6,29/03/2019,0,",,a",87,",,a",53,",,a"
ASN00087113,"AVALON AIRPORT, AS",-38.0287,144.4783,10.6,30/03/2019,0,",,a",63,",,a",46,",,a"
ASN00087113,"AVALON AIRPORT, AS",-38.0287,144.4783,10.6,31/03/2019,0.09,",,a",68,",,a",49,",,a"
ASN00087113,"AVALON AIRPORT, AS",-38.0287,144.4783,10.6,1/04/2019,0.06,",,a",65,",,a",54,",,a"
ASN00087113,"AVALON AIRPORT, AS",-38.0287,144.4783,10.6,2/04/2019,0,",,a",78,",,a",41,",,a"
ASN00087113,"AVALON AIRPORT, AS",-38.0287,144.4783,10.6,3/04/2019,0,",,a",74,",,a",50,",,a"
ASN00087113,"AVALON AIRPORT, AS",-38.0287,144.4783,10.6,4/04/2019,0,",,a",70,",,a",51,",,a"
ASN00087113,"AVALON AIRPORT, AS",-38.0287,144.4783,10.6,5/04/2019,0,",,a",88,",,a",51,",,a"
ASN00087113,"AVALON AIRPORT, AS",-38.0287,144.4783,10.6,6/04/2019,0,",,a",69,",,a",58,",,a"
ASN00087113,"AVALON AIRPORT, AS",-38.0287,144.4783,10.6,7/04/2019,0,",,a",81,",,a",44,",,a"
ASN00087113,"AVALON AIRPORT, AS",-38.0287,144.4783,10.6,8/04/2019,0,",,a",76,",,a",54,",,a"
ASN00087113,"AVALON AIRPORT, AS",-38.0287,144.4783,10.6,9/04/2019,0.05,",,a",63,",,a",47,",,a"
ASN00087113,"AVALON AIRPORT, AS",-38.0287,144.4783,10.6,10/04/2019,0.02,",,a",61,",,a",46,",,a"
ASN00087113,"AVALON AIRPORT, AS",-38.0287,144.4783,10.6,11/04/2019,0,",,a",65,",,a",53,",,a"
ASN00087113,"AVALON AIRPORT, AS",-38.0287,144.4783,10.6,12/04/2019,0,",,a",72,",,a",40,",,a"
ASN00087113,"AVALON AIRPORT, AS",-38.0287,144.4783,10.6,13/04/2019,0,",,a",70,",,a",47,",,a"
ASN00087113,"AVALON AIRPORT, AS",-38.0287,144.4783,10.6,14/04/2019,0,",,a",72,",,a",51,",,a"
ASN00087113,"AVALON AIRPORT, AS",-38.0287,144.4783,10.6,15/04/2019,0,",,a",78,",,a",55,",,a"
ASN00087113,"AVALON AIRPORT, AS",-38.0287,144.4783,10.6,16/04/2019,0,",,a",92,",,a",62,",,a"
ASN00087113,"AVALON AIRPORT, AS",-38.0287,144.4783,10.6,17/04/2019,0,",,a",91,",,a",70,",,a"
ASN00087113,"AVALON AIRPORT, AS",-38.0287,144.4783,10.6,18/04/2019,0,",,a",66,",,a",50,",,a"
ASN00087113,"AVALON AIRPORT, AS",-38.0287,144.4783,10.6,19/04/2019,0,",,a",68,",,a",51,",,a"
ASN00087113,"AVALON AIRPORT, AS",-38.0287,144.4783,10.6,20/04/2019,0,",,a",80,",,a",44,",,a"
ASN00087113,"AVALON AIRPORT, AS",-38.0287,144.4783,10.6,21/04/2019,0,",,a",83,",,a",56,",,a"
ASN00087113,"AVALON AIRPORT, AS",-38.0287,144.4783,10.6,22/04/2019,0,",,a",65,",,a",57,",,a"
ASN00087113,"AVALON AIRPORT, AS",-38.0287,144.4783,10.6,23/04/2019,0,",,a",67,",,a",46,",,a"
ASN00087113,"AVALON AIRPORT, AS",-38.0287,144.4783,10.6,24/04/2019,0.12,",,a",69,",,a",56,",,a"
ASN00087113,"AVALON AIRPORT, AS",-38.0287,144.4783,10.6,25/04/2019,0.01,",,a",70,",,a",47,",,a"
ASN00087113,"AVALON AIRPORT, AS",-38.0287,144.4783,10.6,26/04/2019,0.06,",,a",60,",,a",53,",,a"
ASN00087113,"AVALON AIRPORT, AS",-38.0287,144.4783,10.6,27/04/2019,0.02,",,a",62,",,a",44,",,a"
ASN00087113,"AVALON AIRPORT, AS",-38.0287,144.4783,10.6,28/04/2019,0,",,a",64,",,a",53,",,a"
ASN00087113,"AVALON AIRPORT, AS",-38.0287,144.4783,10.6,29/04/2019,0,",,a",65,",,a",47,",,a"
ASN00087113,"AVALON AIRPORT, AS",-38.0287,144.4783,10.6,30/04/2019,0,",,a",76,",,a",36,",,a"
ASN00087113,"AVALON AIRPORT, AS",-38.0287,144.4783,10.6,1/05/2019,0,",,a",77,",,a",54,",,a"
ASN00087113,"AVALON AIRPORT, AS",-38.0287,144.4783,10.6,2/05/2019,1.18,",,a",72,",,a",60,",,a"
ASN00087113,"AVALON AIRPORT, AS",-38.0287,144.4783,10.6,3/05/2019,0.02,",,a",69,",,a",50,",,a"
ASN00087113,"AVALON AIRPORT, AS",-38.0287,144.4783,10.6,4/05/2019,0,",,a",62,",,a",52,",,a"
ASN00087113,"AVALON AIRPORT, AS",-38.0287,144.4783,10.6,5/05/2019,0.03,",,a",64,",,a",51,",,a"
ASN00087113,"AVALON AIRPORT, AS",-38.0287,144.4783,10.6,6/05/2019,0.01,",,a",63,",,a",49,",,a"
ASN00087113,"AVALON AIRPORT, AS",-38.0287,144.4783,10.6,7/05/2019,0,",,a",69,",,a",39,",,a"
ASN00087113,"AVALON AIRPORT, AS",-38.0287,144.4783,10.6,8/05/2019,0.2,",,a",63,",,a",51,",,a"
ASN00087113,"AVALON AIRPORT, AS",-38.0287,144.4783,10.6,9/05/2019,0,",,a",64,",,a",46,",,a"
ASN00087113,"AVALON AIRPORT, AS",-38.0287,144.4783,10.6,10/05/2019,0.95,",,a",56,",,a",49,",,a"
ASN00087113,"AVALON AIRPORT, AS",-38.0287,144.4783,10.6,11/05/2019,0.6,",,a",60,",,a",47,",,a"
ASN00087113,"AVALON AIRPORT, AS",-38.0287,144.4783,10.6,12/05/2019,0,",,a",64,",,a",52,",,a"
ASN00087113,"AVALON AIRPORT, AS",-38.0287,144.4783,10.6,13/05/2019,0,",,a",65,",,a",51,",,a"
ASN00087113,"AVALON AIRPORT, AS",-38.0287,144.4783,10.6,14/05/2019,0,",,a",68,",,a",46,",,a"
ASN00087113,"AVALON AIRPORT, AS",-38.0287,144.4783,10.6,15/05/2019,0,",,a",62,",,a",48,",,a"
ASN00087113,"AVALON AIRPORT, AS",-38.0287,144.4783,10.6,16/05/2019,0,",,a",62,",,a",48,",,a"
ASN00087113,"AVALON AIRPORT, AS",-38.0287,144.4783,10.6,17/05/2019,0,",,a",63,",,a",38,",,a"
ASN00087113,"AVALON AIRPORT, AS",-38.0287,144.4783,10.6,18/05/2019,0,",,a",63,",,a",40,",,a"
ASN00087113,"AVALON AIRPORT, AS",-38.0287,144.4783,10.6,19/05/2019,0.01,",,a",74,",,a",43,",,a"
ASN00087113,"AVALON AIRPORT, AS",-38.0287,144.4783,10.6,20/05/2019,0.02,",,a",68,",,a",47,",,a"
ASN00087113,"AVALON AIRPORT, AS",-38.0287,144.4783,10.6,21/05/2019,0.06,",,a",67,",,a",50,",,a"
ASN00087113,"AVALON AIRPORT, AS",-38.0287,144.4783,10.6,22/05/2019,0,",,a",69,",,a",44,",,a"
ASN00087113,"AVALON AIRPORT, AS",-38.0287,144.4783,10.6,23/05/2019,0,",,a",74,",,a",43,",,a"
ASN00087113,"AVALON AIRPORT, AS",-38.0287,144.4783,10.6,24/05/2019,0,",,a",74,",,a",55,",,a"
ASN00087113,"AVALON AIRPORT, AS",-38.0287,144.4783,10.6,25/05/2019,0.02,",,a",66,",,a",50,",,a"
ASN00087113,"AVALON AIRPORT, AS",-38.0287,144.4783,10.6,26/05/2019,0.02,",,a",60,",,a",48,",,a"
ASN00087113,"AVALON AIRPORT, AS",-38.0287,144.4783,10.6,27/05/2019,0.28,",,a",56,",,a",44,",,a"
ASN00087113,"AVALON AIRPORT, AS",-38.0287,144.4783,10.6,28/05/2019,0.02,",,a",62,",,a",45,",,a"
ASN00087113,"AVALON AIRPORT, AS",-38.0287,144.4783,10.6,29/05/2019,0.09,",,a",49,",,a",44,",,a"
ASN00087113,"AVALON AIRPORT, AS",-38.0287,144.4783,10.6,30/05/2019,0.43,",,a",55,",,a",41,",,a"
ASN00087113,"AVALON AIRPORT, AS",-38.0287,144.4783,10.6,31/05/2019,0,",,a",56,",,a",46,",,a"
ASN00087113,"AVALON AIRPORT, AS",-38.0287,144.4783,10.6,1/06/2019,0.04,",,a",58,",,a",51,",,a"
ASN00087113,"AVALON AIRPORT, AS",-38.0287,144.4783,10.6,2/06/2019,0,",,a",58,",,a",50,",,a"
ASN00087113,"AVALON AIRPORT, AS",-38.0287,144.4783,10.6,3/06/2019,1.44,",,a",53,",,a",46,",,a"
ASN00087113,"AVALON AIRPORT, AS",-38.0287,144.4783,10.6,4/06/2019,0.24,",,a",56,",,a",45,",,a"
ASN00087113,"AVALON AIRPORT, AS",-38.0287,144.4783,10.6,5/06/2019,0.01,",,a",56,",,a",47,",,a"
ASN00087113,"AVALON AIRPORT, AS",-38.0287,144.4783,10.6,6/06/2019,0,",,a",60,",,a",49,",,a"
ASN00087113,"AVALON AIRPORT, AS",-38.0287,144.4783,10.6,7/06/2019,,,60,",,a",51,",,a"
ASN00087113,"AVALON AIRPORT, AS",-38.0287,144.4783,10.6,8/06/2019,,,66,",,a",37,",,a"
ASN00087113,"AVALON AIRPORT, AS",-38.0287,144.4783,10.6,9/06/2019,0,",,a",66,",,a",46,",,a"
ASN00087113,"AVALON AIRPORT, AS",-38.0287,144.4783,10.6,10/06/2019,0.13,",,a",63,",,a",49,",,a"
ASN00087113,"AVALON AIRPORT, AS",-38.0287,144.4783,10.6,11/06/2019,0,",,a",66,",,a",42,",,a"
ASN00087113,"AVALON AIRPORT, AS",-38.0287,144.4783,10.6,12/06/2019,0.07,",,a",61,",,a",51,",,a"
ASN00087113,"AVALON AIRPORT, AS",-38.0287,144.4783,10.6,13/06/2019,0.38,",,a",61,",,a",46,",,a"
ASN00087113,"AVALON AIRPORT, AS",-38.0287,144.4783,10.6,14/06/2019,0.11,",,a",61,",,a",47,",,a"
ASN00087113,"AVALON AIRPORT, AS",-38.0287,144.4783,10.6,15/06/2019,0,",,a",60,",,a",41,",,a"
ASN00087113,"AVALON AIRPORT, AS",-38.0287,144.4783,10.6,16/06/2019,0,",,a",61,",,a",42,",,a"
ASN00087113,"AVALON AIRPORT, AS",-38.0287,144.4783,10.6,17/06/2019,0,",,a",64,",,a",40,",,a"
ASN00087113,"AVALON AIRPORT, AS",-38.0287,144.4783,10.6,18/06/2019,0.02,",,a",56,",,a",46,",,a"
ASN00087113,"AVALON AIRPORT, AS",-38.0287,144.4783,10.6,19/06/2019,0.13,",,a",53,",,a",40,",,a"
ASN00087113,"AVALON AIRPORT, AS",-38.0287,144.4783,10.6,20/06/2019,0.03,",,a",50,",,a",43,",,a"
ASN00087113,"AVALON AIRPORT, AS",-38.0287,144.4783,10.6,21/06/2019,0.35,",,a",55,",,a",40,",,a"
ASN00087113,"AVALON AIRPORT, AS",-38.0287,144.4783,10.6,22/06/2019,0.15,",,a",55,",,a",40,",,a"
ASN00087113,"AVALON AIRPORT, AS",-38.0287,144.4783,10.6,23/06/2019,0.02,",,a",53,",,a",37,",,a"
ASN00087113,"AVALON AIRPORT, AS",-38.0287,144.4783,10.6,24/06/2019,0,",,a",50,",,a",31,",,a"
ASN00087113,"AVALON AIRPORT, AS",-38.0287,144.4783,10.6,25/06/2019,0.02,",,a",56,",,a",31,",,a"
ASN00087113,"AVALON AIRPORT, AS",-38.0287,144.4783,10.6,26/06/2019,0,",,a",59,",,a",34,",,a"
ASN00087113,"AVALON AIRPORT, AS",-38.0287,144.4783,10.6,27/06/2019,0,",,a",63,",,a",37,",,a"
ASN00087113,"AVALON AIRPORT, AS",-38.0287,144.4783,10.6,28/06/2019,0,",,a",66,",,a",48,",,a"
ASN00087113,"AVALON AIRPORT, AS",-38.0287,144.4783,10.6,29/06/2019,0.05,",,a",59,",,a",54,",,a"
ASN00087113,"AVALON AIRPORT, AS",-38.0287,144.4783,10.6,30/06/2019,0.2,",,a",57,",,a",46,",,a"
ASN00087113,"AVALON AIRPORT, AS",-38.0287,144.4783,10.6,1/07/2019,0,",,a",58,",,a",45,",,a"
ASN00087113,"AVALON AIRPORT, AS",-38.0287,144.4783,10.6,2/07/2019,0,",,a",60,",,a",47,",,a"
ASN00087113,"AVALON AIRPORT, AS",-38.0287,144.4783,10.6,3/07/2019,0.01,",,a",57,",,a",46,",,a"
ASN00087113,"AVALON AIRPORT, AS",-38.0287,144.4783,10.6,4/07/2019,0,",,a",55,",,a",40,",,a"
ASN00087113,"AVALON AIRPORT, AS",-38.0287,144.4783,10.6,5/07/2019,0.01,",,a",57,",,a",36,",,a"
ASN00087113,"AVALON AIRPORT, AS",-38.0287,144.4783,10.6,6/07/2019,0,",,a",65,",,a",38,",,a"
ASN00087113,"AVALON AIRPORT, AS",-38.0287,144.4783,10.6,7/07/2019,0,",,a",63,",,a",44,",,a"
ASN00087113,"AVALON AIRPORT, AS",-38.0287,144.4783,10.6,8/07/2019,0.17,",,a",59,",,a",44,",,a"
ASN00087113,"AVALON AIRPORT, AS",-38.0287,144.4783,10.6,9/07/2019,0,",,a",58,",,a",44,",,a"
ASN00087113,"AVALON AIRPORT, AS",-38.0287,144.4783,10.6,10/07/2019,0,",,a",59,",,a",45,",,a"
ASN00087113,"AVALON AIRPORT, AS",-38.0287,144.4783,10.6,11/07/2019,0.09,",,a",57,",,a",48,",,a"
ASN00087113,"AVALON AIRPORT, AS",-38.0287,144.4783,10.6,12/07/2019,0,",,a",58,",,a",50,",,a"
ASN00087113,"AVALON AIRPORT, AS",-38.0287,144.4783,10.6,13/07/2019,0.06,",,a",54,",,a",43,",,a"
ASN00087113,"AVALON AIRPORT, AS",-38.0287,144.4783,10.6,14/07/2019,0.05,",,a",56,",,a",42,",,a"
ASN00087113,"AVALON AIRPORT, AS",-38.0287,144.4783,10.6,15/07/2019,0.05,",,a",58,",,a",46,",,a"
ASN00087113,"AVALON AIRPORT, AS",-38.0287,144.4783,10.6,16/07/2019,0,",,a",58,",,a",49,",,a"
ASN00087113,"AVALON AIRPORT, AS",-38.0287,144.4783,10.6,17/07/2019,0.01,",,a",58,",,a",48,",,a"
ASN00087113,"AVALON AIRPORT, AS",-38.0287,144.4783,10.6,18/07/2019,0.02,",,a",58,",,a",43,",,a"
ASN00087113,"AVALON AIRPORT, AS",-38.0287,144.4783,10.6,19/07/2019,0.01,",,a",58,",,a",43,",,a"
ASN00087113,"AVALON AIRPORT, AS",-38.0287,144.4783,10.6,20/07/2019,0,",,a",63,",,a",41,",,a"
ASN00087113,"AVALON AIRPORT, AS",-38.0287,144.4783,10.6,21/07/2019,0,",,a",60,",,a",51,",,a"
ASN00087113,"AVALON AIRPORT, AS",-38.0287,144.4783,10.6,22/07/2019,0,",,a",62,",,a",38,",,a"
ASN00087113,"AVALON AIRPORT, AS",-38.0287,144.4783,10.6,23/07/2019,0.09,",,a",59,",,a",48,",,a"
ASN00087113,"AVALON AIRPORT, AS",-38.0287,144.4783,10.6,24/07/2019,0.16,",,a",58,",,a",38,",,a"
ASN00087113,"AVALON AIRPORT, AS",-38.0287,144.4783,10.6,25/07/2019,0,",,a",61,",,a",46,",,a"
ASN00087113,"AVALON AIRPORT, AS",-38.0287,144.4783,10.6,26/07/2019,0,",,a",58,",,a",45,",,a"
ASN00087113,"AVALON AIRPORT, AS",-38.0287,144.4783,10.6,27/07/2019,0.02,",,a",58,",,a",40,",,a"
ASN00087113,"AVALON AIRPORT, AS",-38.0287,144.4783,10.6,28/07/2019,0,",,a",57,",,a",34,",,a"
ASN00087113,"AVALON AIRPORT, AS",-38.0287,144.4783,10.6,29/07/2019,0,",,a",59,",,a",40,",,a"
ASN00087113,"AVALON AIRPORT, AS",-38.0287,144.4783,10.6,30/07/2019,0.02,",,a",53,",,a",43,",,a"
ASN00087113,"AVALON AIRPORT, AS",-38.0287,144.4783,10.6,31/07/2019,0,",,a",54,",,a",42,",,a"
ASN00087113,"AVALON AIRPORT, AS",-38.0287,144.4783,10.6,1/08/2019,0,",,a",57,",,a",46,",,a"
ASN00087113,"AVALON AIRPORT, AS",-38.0287,144.4783,10.6,2/08/2019,0,",,a",55,",,a",45,",,a"
ASN00087113,"AVALON AIRPORT, AS",-38.0287,144.4783,10.6,3/08/2019,0,",,a",56,",,a",49,",,a"
ASN00087113,"AVALON AIRPORT, AS",-38.0287,144.4783,10.6,4/08/2019,0.04,",,a",57,",,a",45,",,a"
ASN00087113,"AVALON AIRPORT, AS",-38.0287,144.4783,10.6,5/08/2019,0,",,a",60,",,a",45,",,a"
ASN00087113,"AVALON AIRPORT, AS",-38.0287,144.4783,10.6,6/08/2019,0.01,",,a",58,",,a",46,",,a"
ASN00087113,"AVALON AIRPORT, AS",-38.0287,144.4783,10.6,7/08/2019,0.02,",,a",56,",,a",46,",,a"
ASN00087113,"AVALON AIRPORT, AS",-38.0287,144.4783,10.6,8/08/2019,0.43,",,a",54,",,a",42,",,a"
ASN00087113,"AVALON AIRPORT, AS",-38.0287,144.4783,10.6,9/08/2019,0.06,",,a",49,",,a",44,",,a"
ASN00087113,"AVALON AIRPORT, AS",-38.0287,144.4783,10.6,10/08/2019,0.25,",,a",55,",,a",38,",,a"
ASN00087113,"AVALON AIRPORT, AS",-38.0287,144.4783,10.6,11/08/2019,0.42,",,a",56,",,a",39,",,a"
ASN00087113,"AVALON AIRPORT, AS",-38.0287,144.4783,10.6,12/08/2019,0.31,",,a",55,",,a",40,",,a"
ASN00087113,"AVALON AIRPORT, AS",-38.0287,144.4783,10.6,13/08/2019,0,",,a",56,",,a",44,",,a"
ASN00087113,"AVALON AIRPORT, AS",-38.0287,144.4783,10.6,14/08/2019,0,",,a",58,",,a",46,",,a"
ASN00087113,"AVALON AIRPORT, AS",-38.0287,144.4783,10.6,15/08/2019,0,",,a",62,",,a",38,",,a"
ASN00087113,"AVALON AIRPORT, AS",-38.0287,144.4783,10.6,16/08/2019,0.01,",,a",63,",,a",48,",,a"
ASN00087113,"AVALON AIRPORT, AS",-38.0287,144.4783,10.6,17/08/2019,0.06,",,a",58,",,a",41,",,a"
ASN00087113,"AVALON AIRPORT, AS",-38.0287,144.4783,10.6,18/08/2019,0,",,a",64,",,a",43,",,a"
ASN00087113,"AVALON AIRPORT, AS",-38.0287,144.4783,10.6,19/08/2019,0.09,",,a",54,",,a",40,",,a"
ASN00087113,"AVALON AIRPORT, AS",-38.0287,144.4783,10.6,20/08/2019,0.02,",,a",59,",,a",44,",,a"
ASN00087113,"AVALON AIRPORT, AS",-38.0287,144.4783,10.6,21/08/2019,0,",,a",61,",,a",51,",,a"
ASN00087113,"AVALON AIRPORT, AS",-38.0287,144.4783,10.6,22/08/2019,0.01,",,a",57,",,a",45,",,a"
ASN00087113,"AVALON AIRPORT, AS",-38.0287,144.4783,10.6,23/08/2019,0,",,a",62,",,a",33,",,a"
ASN00087113,"AVALON AIRPORT, AS",-38.0287,144.4783,10.6,24/08/2019,0,",,a",68,",,a",40,",,a"
ASN00087113,"AVALON AIRPORT, AS",-38.0287,144.4783,10.6,25/08/2019,0.04,",,a",55,",,a",40,",,a"
ASN00087113,"AVALON AIRPORT, AS",-38.0287,144.4783,10.6,26/08/2019,0.02,",,a",59,",,a",38,",,a"
ASN00087113,"AVALON AIRPORT, AS",-38.0287,144.4783,10.6,27/08/2019,0,",,a",60,",,a",36,",,a"
ASN00087113,"AVALON AIRPORT, AS",-38.0287,144.4783,10.6,28/08/2019,0,",,a",55,",,a",42,",,a"
ASN00087113,"AVALON AIRPORT, AS",-38.0287,144.4783,10.6,29/08/2019,0.11,",,a",55,",,a",38,",,a"
ASN00087113,"AVALON AIRPORT, AS",-38.0287,144.4783,10.6,30/08/2019,0,",,a",55,",,a",32,",,a"
ASN00087113,"AVALON AIRPORT, AS",-38.0287,144.4783,10.6,31/08/2019,0.01,",,a",67,",,a",32,",,a"
ASN00087113,"AVALON AIRPORT, AS",-38.0287,144.4783,10.6,1/09/2019,0,",,a",70,",,a",50,",,a"
ASN00087113,"AVALON AIRPORT, AS",-38.0287,144.4783,10.6,2/09/2019,0,",,a",61,",,a",45,",,a"
ASN00087113,"AVALON AIRPORT, AS",-38.0287,144.4783,10.6,3/09/2019,0.02,",,a",68,",,a",41,",,a"
ASN00087113,"AVALON AIRPORT, AS",-38.0287,144.4783,10.6,4/09/2019,0,",,a",66,",,a",39,",,a"
ASN00087113,"AVALON AIRPORT, AS",-38.0287,144.4783,10.6,5/09/2019,0.03,",,a",63,",,a",43,",,a"
ASN00087113,"AVALON AIRPORT, AS",-38.0287,144.4783,10.6,6/09/2019,0.02,",,a",59,",,a",48,",,a"
ASN00087113,"AVALON AIRPORT, AS",-38.0287,144.4783,10.6,7/09/2019,0.03,",,a",56,",,a",45,",,a"
ASN00087113,"AVALON AIRPORT, AS",-38.0287,144.4783,10.6,8/09/2019,0.03,",,a",58,",,a",41,",,a"
ASN00087113,"AVALON AIRPORT, AS",-38.0287,144.4783,10.6,9/09/2019,0.08,",,a",56,",,a",42,",,a"
ASN00087113,"AVALON AIRPORT, AS",-38.0287,144.4783,10.6,10/09/2019,0.01,",,a",61,",,a",40,",,a"
ASN00087113,"AVALON AIRPORT, AS",-38.0287,144.4783,10.6,11/09/2019,0.01,",,a",69,",,a",36,",,a"
ASN00087113,"AVALON AIRPORT, AS",-38.0287,144.4783,10.6,12/09/2019,0,",,a",69,",,a",52,",,a"
ASN00087113,"AVALON AIRPORT, AS",-38.0287,144.4783,10.6,13/09/2019,0,",,a",63,",,a",42,",,a"
ASN00087113,"AVALON AIRPORT, AS",-38.0287,144.4783,10.6,14/09/2019,0,",,a",66,",,a",41,",,a"
ASN00087113,"AVALON AIRPORT, AS",-38.0287,144.4783,10.6,15/09/2019,0.01,",,a",70,",,a",53,",,a"
ASN00087113,"AVALON AIRPORT, AS",-38.0287,144.4783,10.6,16/09/2019,0.32,",,a",56,",,a",44,",,a"
ASN00087113,"AVALON AIRPORT, AS",-38.0287,144.4783,10.6,17/09/2019,0.02,",,a",56,",,a",37,",,a"
ASN00087113,"AVALON AIRPORT, AS",-38.0287,144.4783,10.6,18/09/2019,0,",,a",62,",,a",35,",,a"
ASN00087113,"AVALON AIRPORT, AS",-38.0287,144.4783,10.6,19/09/2019,0,",,a",76,",,a",38,",,a"
ASN00087113,"AVALON AIRPORT, AS",-38.0287,144.4783,10.6,20/09/2019,0,",,a",80,",,a",60,",,a"
ASN00087113,"AVALON AIRPORT, AS",-38.0287,144.4783,10.6,21/09/2019,0,",,a",67,",,a",54,",,a"
ASN00087113,"AVALON AIRPORT, AS",-38.0287,144.4783,10.6,22/09/2019,0.02,",,a",61,",,a",40,",,a"
ASN00087113,"AVALON AIRPORT, AS",-38.0287,144.4783,10.6,23/09/2019,0.02,",,a",61,",,a",46,",,a"
ASN00087113,"AVALON AIRPORT, AS",-38.0287,144.4783,10.6,24/09/2019,0.05,",,a",60,",,a",40,",,a"
ASN00087113,"AVALON AIRPORT, AS",-38.0287,144.4783,10.6,25/09/2019,0,",,a",64,",,a",43,",,a"
ASN00087113,"AVALON AIRPORT, AS",-38.0287,144.4783,10.6,26/09/2019,0.01,",,a",65,",,a",40,",,a"
ASN00087113,"AVALON AIRPORT, AS",-38.0287,144.4783,10.6,27/09/2019,0,",,a",69,",,a",49,",,a"
ASN00087113,"AVALON AIRPORT, AS",-38.0287,144.4783,10.6,28/09/2019,0.02,",,a",61,",,a",38,",,a"
ASN00087113,"AVALON AIRPORT, AS",-38.0287,144.4783,10.6,29/09/2019,0,",,a",61,",,a",47,",,a"
ASN00087113,"AVALON AIRPORT, AS",-38.0287,144.4783,10.6,30/09/2019,0,",,a",60,",,a",44,",,a"
ASN00087113,"AVALON AIRPORT, AS",-38.0287,144.4783,10.6,1/10/2019,0,",,a",69,",,a",33,",,a"
ASN00087113,"AVALON AIRPORT, AS",-38.0287,144.4783,10.6,2/10/2019,0,",,a",83,",,a",35,",,a"
ASN00087113,"AVALON AIRPORT, AS",-38.0287,144.4783,10.6,3/10/2019,0,",,a",83,",,a",46,",,a"
ASN00087113,"AVALON AIRPORT, AS",-38.0287,144.4783,10.6,4/10/2019,0,",,a",59,",,a",52,",,a"
ASN00087113,"AVALON AIRPORT, AS",-38.0287,144.4783,10.6,5/10/2019,0.1,",,a",76,",,a",45,",,a"
ASN00087113,"AVALON AIRPORT, AS",-38.0287,144.4783,10.6,6/10/2019,0.01,",,a",75,",,a",53,",,a"
ASN00087113,"AVALON AIRPORT, AS",-38.0287,144.4783,10.6,7/10/2019,0.02,",,a",63,",,a",46,",,a"
ASN00087113,"AVALON AIRPORT, AS",-38.0287,144.4783,10.6,8/10/2019,,,59,",,a",46,",,a"
ASN00087113,"AVALON AIRPORT, AS",-38.0287,144.4783,10.6,9/10/2019,0.09,",,a",60,",,a",44,",,a"
ASN00087113,"AVALON AIRPORT, AS",-38.0287,144.4783,10.6,10/10/2019,0.01,",,a",62,",,a",43,",,a"
ASN00087113,"AVALON AIRPORT, AS",-38.0287,144.4783,10.6,11/10/2019,0,",,a",65,",,a",43,",,a"
ASN00087113,"AVALON AIRPORT, AS",-38.0287,144.4783,10.6,12/10/2019,0,",,a",66,",,a",50,",,a"
ASN00087113,"AVALON AIRPORT, AS",-38.0287,144.4783,10.6,13/10/2019,0,",,a",78,",,a",41,",,a"
ASN00087113,"AVALON AIRPORT, AS",-38.0287,144.4783,10.6,14/10/2019,0.05,",,a",76,",,a",54,",,a"
ASN00087113,"AVALON AIRPORT, AS",-38.0287,144.4783,10.6,15/10/2019,0.01,",,a",67,",,a",52,",,a"
ASN00087113,"AVALON AIRPORT, AS",-38.0287,144.4783,10.6,16/10/2019,0.01,",,a",72,",,a",54,",,a"
ASN00087113,"AVALON AIRPORT, AS",-38.0287,144.4783,10.6,17/10/2019,0.41,",,a",62,",,a",46,",,a"
ASN00087113,"AVALON AIRPORT, AS",-38.0287,144.4783,10.6,18/10/2019,0,",,a",71,",,a",41,",,a"
ASN00087113,"AVALON AIRPORT, AS",-38.0287,144.4783,10.6,19/10/2019,0.03,",,a",61,",,a",44,",,a"
ASN00087113,"AVALON AIRPORT, AS",-38.0287,144.4783,10.6,20/10/2019,0.04,",,a",63,",,a",47,",,a"
ASN00087113,"AVALON AIRPORT, AS",-38.0287,144.4783,10.6,21/10/2019,0.01,",,a",64,",,a",50,",,a"
ASN00087113,"AVALON AIRPORT, AS",-38.0287,144.4783,10.6,22/10/2019,0,",,a",67,",,a",51,",,a"
ASN00087113,"AVALON AIRPORT, AS",-38.0287,144.4783,10.6,23/10/2019,0,",,a",81,",,a",38,",,a"
ASN00087113,"AVALON AIRPORT, AS",-38.0287,144.4783,10.6,24/10/2019,0,",,a",95,",,a",46,",,a"
ASN00087113,"AVALON AIRPORT, AS",-38.0287,144.4783,10.6,25/10/2019,0,",,a",75,",,a",58,",,a"
ASN00087113,"AVALON AIRPORT, AS",-38.0287,144.4783,10.6,26/10/2019,0.02,",,a",63,",,a",48,",,a"
ASN00087113,"AVALON AIRPORT, AS",-38.0287,144.4783,10.6,27/10/2019,0.04,",,a",67,",,a",48,",,a"
ASN00087113,"AVALON AIRPORT, AS",-38.0287,144.4783,10.6,28/10/2019,0.05,",,a",69,",,a",41,",,a"
ASN00087113,"AVALON AIRPORT, AS",-38.0287,144.4783,10.6,29/10/2019,0.01,",,a",89,",,a",38,",,a"
ASN00087113,"AVALON AIRPORT, AS",-38.0287,144.4783,10.6,30/10/2019,0,",,a",80,",,a",50,",,a"
ASN00087113,"AVALON AIRPORT, AS",-38.0287,144.4783,10.6,31/10/2019,0,",,a",96,",,a",50,",,a"
ASN00087113,"AVALON AIRPORT, AS",-38.0287,144.4783,10.6,1/11/2019,0,",,a",96,",,a",57,",,a"
ASN00087113,"AVALON AIRPORT, AS",-38.0287,144.4783,10.6,2/11/2019,0.45,",,a",68,",,a",59,",,a"
ASN00087113,"AVALON AIRPORT, AS",-38.0287,144.4783,10.6,3/11/2019,0.29,",,a",67,",,a",50,",,a"
ASN00087113,"AVALON AIRPORT, AS",-38.0287,144.4783,10.6,4/11/2019,0.13,",,a",62,",,a",44,",,a"
ASN00087113,"AVALON AIRPORT, AS",-38.0287,144.4783,10.6,5/11/2019,0.28,",,a",68,",,a",40,",,a"
ASN00087113,"AVALON AIRPORT, AS",-38.0287,144.4783,10.6,6/11/2019,0,",,a",75,",,a",51,",,a"
ASN00087113,"AVALON AIRPORT, AS",-38.0287,144.4783,10.6,7/11/2019,0,",,a",65,",,a",50,",,a"
ASN00087113,"AVALON AIRPORT, AS",-38.0287,144.4783,10.6,8/11/2019,0.29,",,a",58,",,a",50,",,a"
ASN00087113,"AVALON AIRPORT, AS",-38.0287,144.4783,10.6,9/11/2019,0.36,",,a",59,",,a",42,",,a"
ASN00087113,"AVALON AIRPORT, AS",-38.0287,144.4783,10.6,10/11/2019,0.02,",,a",64,",,a",51,",,a"
ASN00087113,"AVALON AIRPORT, AS",-38.0287,144.4783,10.6,11/11/2019,0,",,a",87,",,a",44,",,a"
ASN00087113,"AVALON AIRPORT, AS",-38.0287,144.4783,10.6,12/11/2019,0.01,",,a",64,",,a",51,",,a"
ASN00087113,"AVALON AIRPORT, AS",-38.0287,144.4783,10.6,13/11/2019,0.01,",,a",66,",,a",45,",,a"
ASN00087113,"AVALON AIRPORT, AS",-38.0287,144.4783,10.6,14/11/2019,0.01,",,a",72,",,a",52,",,a"
ASN00087113,"AVALON AIRPORT, AS",-38.0287,144.4783,10.6,15/11/2019,0.01,",,a",67,",,a",53,",,a"
ASN00087113,"AVALON AIRPORT, AS",-38.0287,144.4783,10.6,16/11/2019,0.01,",,a",65,",,a",41,",,a"
ASN00087113,"AVALON AIRPORT, AS",-38.0287,144.4783,10.6,17/11/2019,0,",,a",63,",,a",50,",,a"
ASN00087113,"AVALON AIRPORT, AS",-38.0287,144.4783,10.6,18/11/2019,0,",,a",83,",,a",42,",,a"
ASN00087113,"AVALON AIRPORT, AS",-38.0287,144.4783,10.6,19/11/2019,0,",,a",68,",,a",47,",,a"
ASN00087113,"AVALON AIRPORT, AS",-38.0287,144.4783,10.6,20/11/2019,0,",,a",92,",,a",52,",,a"
ASN00087113,"AVALON AIRPORT, AS",-38.0287,144.4783,10.6,21/11/2019,0,",,a",107,",,a",59,",,a"
ASN00087113,"AVALON AIRPORT, AS",-38.0287,144.4783,10.6,22/11/2019,0,",,a",68,",,a",49,",,a"
ASN00087113,"AVALON AIRPORT, AS",-38.0287,144.4783,10.6,23/11/2019,0,",,a",76,",,a",47,",,a"
ASN00087113,"AVALON AIRPORT, AS",-38.0287,144.4783,10.6,24/11/2019,0,",,a",71,",,a",43,",,a"
ASN00087113,"AVALON AIRPORT, AS",-38.0287,144.4783,10.6,25/11/2019,0,",,a",84,",,a",43,",,a"
ASN00087113,"AVALON AIRPORT, AS",-38.0287,144.4783,10.6,26/11/2019,0.02,",,a",63,",,a",51,",,a"
ASN00087113,"AVALON AIRPORT, AS",-38.0287,144.4783,10.6,27/11/2019,0.09,",,a",80,",,a",41,",,a"
ASN00087113,"AVALON AIRPORT, AS",-38.0287,144.4783,10.6,28/11/2019,0,",,a",71,",,a",50,",,a"
ASN00087113,"AVALON AIRPORT, AS",-38.0287,144.4783,10.6,29/11/2019,0,",,a",71,",,a",50,",,a"
ASN00087113,"AVALON AIRPORT, AS",-38.0287,144.4783,10.6,30/11/2019,0.08,",,a",66,",,a",47,",,a"
ASN00087113,"AVALON AIRPORT, AS",-38.0287,144.4783,10.6,1/12/2019,0.05,",,a",63,",,a",51,",,a"
ASN00087113,"AVALON AIRPORT, AS",-38.0287,144.4783,10.6,2/12/2019,0.16,",,a",62,",,a",46,",,a"
ASN00087113,"AVALON AIRPORT, AS",-38.0287,144.4783,10.6,3/12/2019,0,",,a",71,",,a",49,",,a"
ASN00087113,"AVALON AIRPORT, AS",-38.0287,144.4783,10.6,4/12/2019,0.01,",,a",75,",,a",51,",,a"
ASN00087113,"AVALON AIRPORT, AS",-38.0287,144.4783,10.6,5/12/2019,0,",,a",76,",,a",51,",,a"
ASN00087113,"AVALON AIRPORT, AS",-38.0287,144.4783,10.6,6/12/2019,0,",,a",70,",,a",54,",,a"
ASN00087113,"AVALON AIRPORT, AS",-38.0287,144.4783,10.6,7/12/2019,0,",,a",75,",,a",46,",,a"
ASN00087113,"AVALON AIRPORT, AS",-38.0287,144.4783,10.6,8/12/2019,0,",,a",80,",,a",54,",,a"
ASN00087113,"AVALON AIRPORT, AS",-38.0287,144.4783,10.6,9/12/2019,0,",,a",104,",,a",52,",,a"
ASN00087113,"AVALON AIRPORT, AS",-38.0287,144.4783,10.6,10/12/2019,0.01,",,a",66,",,a",57,",,a"
ASN00087113,"AVALON AIRPORT, AS",-38.0287,144.4783,10.6,11/12/2019,0,",,a",66,",,a",55,",,a"
ASN00087113,"AVALON AIRPORT, AS",-38.0287,144.4783,10.6,12/12/2019,0,",,a",68,",,a",54,",,a"
ASN00087113,"AVALON AIRPORT, AS",-38.0287,144.4783,10.6,13/12/2019,0,",,a",72,",,a",47,",,a"
ASN00087113,"AVALON AIRPORT, AS",-38.0287,144.4783,10.6,14/12/2019,0,",,a",70,",,a",56,",,a"
ASN00087113,"AVALON AIRPORT, AS",-38.0287,144.4783,10.6,15/12/2019,0,",,a",74,",,a",58,",,a"
ASN00087113,"AVALON AIRPORT, AS",-38.0287,144.4783,10.6,16/12/2019,0,",,a",71,",,a",50,",,a"
ASN00087113,"AVALON AIRPORT, AS",-38.0287,144.4783,10.6,17/12/2019,0,",,a",84,",,a",48,",,a"
ASN00087113,"AVALON AIRPORT, AS",-38.0287,144.4783,10.6,18/12/2019,0,",,a",109,",,a",54,",,a"
ASN00087113,"AVALON AIRPORT, AS",-38.0287,144.4783,10.6,19/12/2019,0,",,a",76,",,a",61,",,a"
ASN00087113,"AVALON AIRPORT, AS",-38.0287,144.4783,10.6,20/12/2019,0,",,a",114,",,a",52,",,a"
ASN00087113,"AVALON AIRPORT, AS",-38.0287,144.4783,10.6,21/12/2019,0,",,a",73,",,a",62,",,a"
ASN00087113,"AVALON AIRPORT, AS",-38.0287,144.4783,10.6,22/12/2019,0,",,a",69,",,a",54,",,a"
ASN00087113,"AVALON AIRPORT, AS",-38.0287,144.4783,10.6,23/12/2019,0,",,a",72,",,a",53,",,a"
ASN00087113,"AVALON AIRPORT, AS",-38.0287,144.4783,10.6,24/12/2019,0,",,a",75,",,a",57,",,a"
ASN00087113,"AVALON AIRPORT, AS",-38.0287,144.4783,10.6,25/12/2019,0,",,a",85,",,a",58,",,a"
ASN00087113,"AVALON AIRPORT, AS",-38.0287,144.4783,10.6,26/12/2019,0,",,a",73,",,a",54,",,a"
ASN00087113,"AVALON AIRPORT, AS",-38.0287,144.4783,10.6,27/12/2019,0,",,a",80,",,a",57,",,a"
ASN00087113,"AVALON AIRPORT, AS",-38.0287,144.4783,10.6,28/12/2019,0,",,a",87,",,a",60,",,a"
ASN00087113,"AVALON AIRPORT, AS",-38.0287,144.4783,10.6,29/12/2019,0,",,a",94,",,a",60,",,a"
ASN00087113,"AVALON AIRPORT, AS",-38.0287,144.4783,10.6,30/12/2019,0,",,a",112,",,a",62,",,a"
ASN00087113,"AVALON AIRPORT, AS",-38.0287,144.4783,10.6,31/12/2019,0.06,",,a",73,",,a",58,",,a"
ASN00087113,"AVALON AIRPORT, AS",-38.0287,144.4783,10.6,1/01/2020,0,",,a",80,",,a",49,",,a"
ASN00087113,"AVALON AIRPORT, AS",-38.0287,144.4783,10.6,2/01/2020,0,",,a",77,",,a",51,",,a"
ASN00087113,"AVALON AIRPORT, AS",-38.0287,144.4783,10.6,3/01/2020,0,",,a",88,",,a",51,",,a"
ASN00087113,"AVALON AIRPORT, AS",-38.0287,144.4783,10.6,4/01/2020,0,",,a",83,",,a",60,",,a"
ASN00087113,"AVALON AIRPORT, AS",-38.0287,144.4783,10.6,5/01/2020,0,",,a",64,",,a",53,",,a"
ASN00087113,"AVALON AIRPORT, AS",-38.0287,144.4783,10.6,6/01/2020,0,",,a",65,",,a",54,",,a"
ASN00087113,"AVALON AIRPORT, AS",-38.0287,144.4783,10.6,7/01/2020,0,",,a",69,",,a",58,",,a"
ASN00087113,"AVALON AIRPORT, AS",-38.0287,144.4783,10.6,8/01/2020,0,",,a",77,",,a",54,",,a"
ASN00087113,"AVALON AIRPORT, AS",-38.0287,144.4783,10.6,9/01/2020,0,",,a",88,",,a",60,",,a"
ASN00087113,"AVALON AIRPORT, AS",-38.0287,144.4783,10.6,10/01/2020,0,",,a",92,",,a",63,",,a"
ASN00087113,"AVALON AIRPORT, AS",-38.0287,144.4783,10.6,11/01/2020,0.01,",,a",69,",,a",54,",,a"
ASN00087113,"AVALON AIRPORT, AS",-38.0287,144.4783,10.6,12/01/2020,0,",,a",70,",,a",53,",,a"
ASN00087113,"AVALON AIRPORT, AS",-38.0287,144.4783,10.6,13/01/2020,0,",,a",91,",,a",51,",,a"
ASN00087113,"AVALON AIRPORT, AS",-38.0287,144.4783,10.6,14/01/2020,0,",,a",89,",,a",59,",,a"
ASN00087113,"AVALON AIRPORT, AS",-38.0287,144.4783,10.6,15/01/2020,0,",,a",98,",,a",62,",,a"
ASN00087113,"AVALON AIRPORT, AS",-38.0287,144.4783,10.6,16/01/2020,1.94,",,a",70,",,a",61,",,a"
ASN00087113,"AVALON AIRPORT, AS",-38.0287,144.4783,10.6,17/01/2020,0.01,",,a",68,",,a",54,",,a"
ASN00087113,"AVALON AIRPORT, AS",-38.0287,144.4783,10.6,18/01/2020,0,",,a",80,",,a",61,",,a"
ASN00087113,"AVALON AIRPORT, AS",-38.0287,144.4783,10.6,19/01/2020,0,",,a",81,",,a",58,",,a"
ASN00087113,"AVALON AIRPORT, AS",-38.0287,144.4783,10.6,20/01/2020,0,",,a",72,",,a",63,",,a"
ASN00087113,"AVALON AIRPORT, AS",-38.0287,144.4783,10.6,21/01/2020,0.02,",,a",76,",,a",55,",,a"
ASN00087113,"AVALON AIRPORT, AS",-38.0287,144.4783,10.6,22/01/2020,0,",,a",91,",,a",55,",,a"
ASN00087113,"AVALON AIRPORT, AS",-38.0287,144.4783,10.6,23/01/2020,1.46,",,a",72,",,a",54,",,a"
ASN00087113,"AVALON AIRPORT, AS",-38.0287,144.4783,10.6,24/01/2020,0.04,",,a",76,",,a",51,",,a"
ASN00087113,"AVALON AIRPORT, AS",-38.0287,144.4783,10.6,25/01/2020,0,",,a",83,",,a",54,",,a"
ASN00087113,"AVALON AIRPORT, AS",-38.0287,144.4783,10.6,26/01/2020,0,",,a",75,",,a",57,",,a"
ASN00087113,"AVALON AIRPORT, AS",-38.0287,144.4783,10.6,27/01/2020,0,",,a",73,",,a",53,",,a"
ASN00087113,"AVALON AIRPORT, AS",-38.0287,144.4783,10.6,28/01/2020,0,",,a",76,",,a",53,",,a"
ASN00087113,"AVALON AIRPORT, AS",-38.0287,144.4783,10.6,29/01/2020,0,",,a",81,",,a",56,",,a"
ASN00087113,"AVALON AIRPORT, AS",-38.0287,144.4783,10.6,30/01/2020,0,",,a",105,",,a",54,",,a"
ASN00087113,"AVALON AIRPORT, AS",-38.0287,144.4783,10.6,31/01/2020,0,",,a",112,",,a",63,",,a"
ASN00087113,"AVALON AIRPORT, AS",-38.0287,144.4783,10.6,1/02/2020,0.02,",,a",80,",,a",73,",,a"
ASN00087113,"AVALON AIRPORT, AS",-38.0287,144.4783,10.6,2/02/2020,0.07,",,a",77,",,a",57,",,a"
ASN00087113,"AVALON AIRPORT, AS",-38.0287,144.4783,10.6,3/02/2020,0.01,",,a",65,",,a",54,",,a"
ASN00087113,"AVALON AIRPORT, AS",-38.0287,144.4783,10.6,4/02/2020,0.01,",,a",66,",,a",51,",,a"
ASN00087113,"AVALON AIRPORT, AS",-38.0287,144.4783,10.6,5/02/2020,0,",,a",68,",,a",53,",,a"
ASN00087113,"AVALON AIRPORT, AS",-38.0287,144.4783,10.6,6/02/2020,0,",,a",76,",,a",58,",,a"
ASN00087113,"AVALON AIRPORT, AS",-38.0287,144.4783,10.6,7/02/2020,0,",,a",71,",,a",62,",,a"
ASN00087113,"AVALON AIRPORT, AS",-38.0287,144.4783,10.6,8/02/2020,0,",,a",82,",,a",63,",,a"
ASN00087113,"AVALON AIRPORT, AS",-38.0287,144.4783,10.6,9/02/2020,0,",,a",78,",,a",67,",,a"
ASN00087113,"AVALON AIRPORT, AS",-38.0287,144.4783,10.6,10/02/2020,0,",,a",78,",,a",66,",,a"
ASN00087113,"AVALON AIRPORT, AS",-38.0287,144.4783,10.6,11/02/2020,0.01,",,a",76,",,a",65,",,a"
ASN00087113,"AVALON AIRPORT, AS",-38.0287,144.4783,10.6,12/02/2020,0.01,",,a",78,",,a",64,",,a"
ASN00087113,"AVALON AIRPORT, AS",-38.0287,144.4783,10.6,13/02/2020,0,",,a",83,",,a",65,",,a"
ASN00087113,"AVALON AIRPORT, AS",-38.0287,144.4783,10.6,14/02/2020,0,",,a",78,",,a",66,",,a"
ASN00087113,"AVALON AIRPORT, AS",-38.0287,144.4783,10.6,15/02/2020,0.93,",,a",66,",,a",65,",,a"
ASN00087113,"AVALON AIRPORT, AS",-38.0287,144.4783,10.6,16/02/2020,0.06,",,a",74,",,a",60,",,a"
ASN00087113,"AVALON AIRPORT, AS",-38.0287,144.4783,10.6,17/02/2020,0,",,a",77,",,a",61,",,a"
ASN00087113,"AVALON AIRPORT, AS",-38.0287,144.4783,10.6,18/02/2020,0.02,",,a",71,",,a",62,",,a"
ASN00087113,"AVALON AIRPORT, AS",-38.0287,144.4783,10.6,19/02/2020,0.75,",,a",67,",,a",56,",,a"
ASN00087113,"AVALON AIRPORT, AS",-38.0287,144.4783,10.6,20/02/2020,0.04,",,a",65,",,a",56,",,a"
ASN00087113,"AVALON AIRPORT, AS",-38.0287,144.4783,10.6,21/02/2020,0.01,",,a",67,",,a",55,",,a"
ASN00087113,"AVALON AIRPORT, AS",-38.0287,144.4783,10.6,22/02/2020,0,",,a",69,",,a",53,",,a"
ASN00087113,"AVALON AIRPORT, AS",-38.0287,144.4783,10.6,23/02/2020,0,",,a",85,",,a",53,",,a"
ASN00087113,"AVALON AIRPORT, AS",-38.0287,144.4783,10.6,24/02/2020,0,",,a",75,",,a",59,",,a"
ASN00087113,"AVALON AIRPORT, AS",-38.0287,144.4783,10.6,25/02/2020,0.43,",,a",83,",,a",62,",,a"
ASN00087113,"AVALON AIRPORT, AS",-38.0287,144.4783,10.6,26/02/2020,0,",,a",69,",,a",59,",,a"
ASN00087113,"AVALON AIRPORT, AS",-38.0287,144.4783,10.6,27/02/2020,0.01,",,a",68,",,a",45,",,a"
ASN00087113,"AVALON AIRPORT, AS",-38.0287,144.4783,10.6,28/02/2020,0,",,a",70,",,a",54,",,a"
ASN00087113,"AVALON AIRPORT, AS",-38.0287,144.4783,10.6,29/02/2020,0,",,a",72,",,a",53,",,a"
ASN00087113,"AVALON AIRPORT, AS",-38.0287,144.4783,10.6,1/03/2020,0,",,a",90,",,a",53,",,a"
ASN00087113,"AVALON AIRPORT, AS",-38.0287,144.4783,10.6,2/03/2020,0.11,",,a",64,",,a",54,",,a"
ASN00087113,"AVALON AIRPORT, AS",-38.0287,144.4783,10.6,3/03/2020,0,",,a",65,",,a",54,",,a"
ASN00087113,"AVALON AIRPORT, AS",-38.0287,144.4783,10.6,4/03/2020,0,",,a",69,",,a",54,",,a"
ASN00087113,"AVALON AIRPORT, AS",-38.0287,144.4783,10.6,5/03/2020,1.01,",,a",69,",,a",60,",,a"
ASN00087113,"AVALON AIRPORT, AS",-38.0287,144.4783,10.6,6/03/2020,0.17,",,a",67,",,a",59,",,a"
ASN00087113,"AVALON AIRPORT, AS",-38.0287,144.4783,10.6,7/03/2020,0,",,a",67,",,a",56,",,a"
ASN00087113,"AVALON AIRPORT, AS",-38.0287,144.4783,10.6,8/03/2020,0,",,a",71,",,a",59,",,a"
ASN00087113,"AVALON AIRPORT, AS",-38.0287,144.4783,10.6,9/03/2020,0,",,a",68,",,a",53,",,a"
ASN00087113,"AVALON AIRPORT, AS",-38.0287,144.4783,10.6,10/03/2020,0,",,a",71,",,a",48,",,a"
ASN00087113,"AVALON AIRPORT, AS",-38.0287,144.4783,10.6,11/03/2020,0,",,a",80,",,a",53,",,a"
ASN00087113,"AVALON AIRPORT, AS",-38.0287,144.4783,10.6,12/03/2020,0,",,a",87,",,a",56,",,a"
ASN00087113,"AVALON AIRPORT, AS",-38.0287,144.4783,10.6,13/03/2020,0,",,a",82,",,a",61,",,a"
ASN00087113,"AVALON AIRPORT, AS",-38.0287,144.4783,10.6,14/03/2020,0,",,a",64,",,a",53,",,a"
ASN00087113,"AVALON AIRPORT, AS",-38.0287,144.4783,10.6,15/03/2020,0.01,",,a",65,",,a",53,",,a"
ASN00087113,"AVALON AIRPORT, AS",-38.0287,144.4783,10.6,16/03/2020,0,",,a",74,",,a",51,",,a"
ASN00087113,"AVALON AIRPORT, AS",-38.0287,144.4783,10.6,17/03/2020,0,",,a",85,",,a",47,",,a"
ASN00087113,"AVALON AIRPORT, AS",-38.0287,144.4783,10.6,18/03/2020,0,",,a",87,",,a",61,",,a"
ASN00087113,"AVALON AIRPORT, AS",-38.0287,144.4783,10.6,19/03/2020,0,",,a",90,",,a",63,",,a"
ASN00087113,"AVALON AIRPORT, AS",-38.0287,144.4783,10.6,20/03/2020,0,",,a",73,",,a",57,",,a"
ASN00087113,"AVALON AIRPORT, AS",-38.0287,144.4783,10.6,21/03/2020,0,",,a",66,",,a",53,",,a"
ASN00087113,"AVALON AIRPORT, AS",-38.0287,144.4783,10.6,22/03/2020,0,",,a",68,",,a",52,",,a"
ASN00087113,"AVALON AIRPORT, AS",-38.0287,144.4783,10.6,23/03/2020,0,",,a",65,",,a",45,",,a"
ASN00087113,"AVALON AIRPORT, AS",-38.0287,144.4783,10.6,24/03/2020,0,",,a",64,",,a",53,",,a"
ASN00087113,"AVALON AIRPORT, AS",-38.0287,144.4783,10.6,25/03/2020,0,",,a",64,",,a",50,",,a"
ASN00087113,"AVALON AIRPORT, AS",-38.0287,144.4783,10.6,26/03/2020,0,",,a",68,",,a",51,",,a"
ASN00087113,"AVALON AIRPORT, AS",-38.0287,144.4783,10.6,27/03/2020,0,",,a",79,",,a",48,",,a"
ASN00087113,"AVALON AIRPORT, AS",-38.0287,144.4783,10.6,28/03/2020,0,",,a",86,",,a",52,",,a"
ASN00087113,"AVALON AIRPORT, AS",-38.0287,144.4783,10.6,29/03/2020,0,",,a",80,",,a",63,",,a"
ASN00087113,"AVALON AIRPORT, AS",-38.0287,144.4783,10.6,30/03/2020,0.18,",,a",74,",,a",52,",,a"
ASN00087113,"AVALON AIRPORT, AS",-38.0287,144.4783,10.6,31/03/2020,0,",,a",71,",,a",47,",,a"
ASN00087113,"AVALON AIRPORT, AS",-38.0287,144.4783,10.6,1/04/2020,0,",,a",71,",,a",46,",,a"
ASN00087113,"AVALON AIRPORT, AS",-38.0287,144.4783,10.6,2/04/2020,0.94,",,a",63,",,a",53,",,a"
ASN00087113,"AVALON AIRPORT, AS",-38.0287,144.4783,10.6,3/04/2020,0.08,",,a",74,",,a",53,",,a"
ASN00087113,"AVALON AIRPORT, AS",-38.0287,144.4783,10.6,4/04/2020,0.77,",,a",59,",,a",55,",,a"
ASN00087113,"AVALON AIRPORT, AS",-38.0287,144.4783,10.6,5/04/2020,0.1,",,a",61,",,a",47,",,a"
ASN00087113,"AVALON AIRPORT, AS",-38.0287,144.4783,10.6,6/04/2020,0.09,",,a",61,",,a",49,",,a"
ASN00087113,"AVALON AIRPORT, AS",-38.0287,144.4783,10.6,7/04/2020,0,",,a",60,",,a",52,",,a"
ASN00087113,"AVALON AIRPORT, AS",-38.0287,144.4783,10.6,8/04/2020,0.06,",,a",65,",,a",52,",,a"
ASN00087113,"AVALON AIRPORT, AS",-38.0287,144.4783,10.6,9/04/2020,0,",,a",68,",,a",47,",,a"
ASN00087113,"AVALON AIRPORT, AS",-38.0287,144.4783,10.6,10/04/2020,0,",,a",72,",,a",50,",,a"
ASN00087113,"AVALON AIRPORT, AS",-38.0287,144.4783,10.6,11/04/2020,0.03,",,a",60,",,a",53,",,a"
ASN00087113,"AVALON AIRPORT, AS",-38.0287,144.4783,10.6,12/04/2020,0.02,",,a",58,",,a",51,",,a"
ASN00087113,"AVALON AIRPORT, AS",-38.0287,144.4783,10.6,13/04/2020,0,",,a",66,",,a",50,",,a"
ASN00087113,"AVALON AIRPORT, AS",-38.0287,144.4783,10.6,14/04/2020,0.02,",,a",76,",,a",52,",,a"
ASN00087113,"AVALON AIRPORT, AS",-38.0287,144.4783,10.6,15/04/2020,0.02,",,a",76,",,a",53,",,a"
ASN00087113,"AVALON AIRPORT, AS",-38.0287,144.4783,10.6,16/04/2020,0.01,",,a",71,",,a",53,",,a"
ASN00087113,"AVALON AIRPORT, AS",-38.0287,144.4783,10.6,17/04/2020,0,",,a",65,",,a",48,",,a"
ASN00087113,"AVALON AIRPORT, AS",-38.0287,144.4783,10.6,18/04/2020,0,",,a",61,",,a",52,",,a"
ASN00087113,"AVALON AIRPORT, AS",-38.0287,144.4783,10.6,19/04/2020,0,",,a",65,",,a",47,",,a"
ASN00087113,"AVALON AIRPORT, AS",-38.0287,144.4783,10.6,20/04/2020,0.15,",,a",68,",,a",53,",,a"
ASN00087113,"AVALON AIRPORT, AS",-38.0287,144.4783,10.6,21/04/2020,0.01,",,a",69,",,a",40,",,a"
ASN00087113,"AVALON AIRPORT, AS",-38.0287,144.4783,10.6,22/04/2020,0,",,a",66,",,a",53,",,a"
ASN00087113,"AVALON AIRPORT, AS",-38.0287,144.4783,10.6,23/04/2020,0,",,a",69,",,a",45,",,a"
ASN00087113,"AVALON AIRPORT, AS",-38.0287,144.4783,10.6,24/04/2020,0.01,",,a",70,",,a",56,",,a"
ASN00087113,"AVALON AIRPORT, AS",-38.0287,144.4783,10.6,25/04/2020,0,",,a",73,",,a",47,",,a"
ASN00087113,"AVALON AIRPORT, AS",-38.0287,144.4783,10.6,26/04/2020,0.34,",,a",65,",,a",56,",,a"
ASN00087113,"AVALON AIRPORT, AS",-38.0287,144.4783,10.6,27/04/2020,0,",,a",64,",,a",44,",,a"
ASN00087113,"AVALON AIRPORT, AS",-38.0287,144.4783,10.6,28/04/2020,0.01,",,a",67,",,a",41,",,a"
ASN00087113,"AVALON AIRPORT, AS",-38.0287,144.4783,10.6,29/04/2020,0,",,a",67,",,a",51,",,a"
ASN00087113,"AVALON AIRPORT, AS",-38.0287,144.4783,10.6,30/04/2020,0.6,",,a",58,",,a",42,",,a"
ASN00087113,"AVALON AIRPORT, AS",-38.0287,144.4783,10.6,1/05/2020,0.26,",,a",56,",,a",43,",,a"
ASN00087113,"AVALON AIRPORT, AS",-38.0287,144.4783,10.6,2/05/2020,0.01,",,a",57,",,a",46,",,a"
ASN00087113,"AVALON AIRPORT, AS",-38.0287,144.4783,10.6,3/05/2020,0,",,a",58,",,a",45,",,a"
ASN00087113,"AVALON AIRPORT, AS",-38.0287,144.4783,10.6,4/05/2020,0.01,",,a",59,",,a",44,",,a"
ASN00087113,"AVALON AIRPORT, AS",-38.0287,144.4783,10.6,5/05/2020,0,",,a",64,",,a",46,",,a"
ASN00087113,"AVALON AIRPORT, AS",-38.0287,144.4783,10.6,6/05/2020,0,",,a",69,",,a",44,",,a"
ASN00087113,"AVALON AIRPORT, AS",-38.0287,144.4783,10.6,7/05/2020,0,",,a",72,",,a",53,",,a"
ASN00087113,"AVALON AIRPORT, AS",-38.0287,144.4783,10.6,8/05/2020,0,",,a",67,",,a",48,",,a"
ASN00087113,"AVALON AIRPORT, AS",-38.0287,144.4783,10.6,9/05/2020,0.18,",,a",59,",,a",51,",,a"
ASN00087113,"AVALON AIRPORT, AS",-38.0287,144.4783,10.6,10/05/2020,0.02,",,a",59,",,a",42,",,a"
ASN00087113,"AVALON AIRPORT, AS",-38.0287,144.4783,10.6,11/05/2020,0.02,",,a",64,",,a",44,",,a"
ASN00087113,"AVALON AIRPORT, AS",-38.0287,144.4783,10.6,12/05/2020,0,",,a",62,",,a",48,",,a"
ASN00087113,"AVALON AIRPORT, AS",-38.0287,144.4783,10.6,13/05/2020,0.06,",,a",58,",,a",47,",,a"
ASN00087113,"AVALON AIRPORT, AS",-38.0287,144.4783,10.6,14/05/2020,0,",,a",59,",,a",43,",,a"
ASN00087113,"AVALON AIRPORT, AS",-38.0287,144.4783,10.6,15/05/2020,0,",,a",61,",,a",44,",,a"
ASN00087113,"AVALON AIRPORT, AS",-38.0287,144.4783,10.6,16/05/2020,0,",,a",62,",,a",34,",,a"
ASN00087113,"AVALON AIRPORT, AS",-38.0287,144.4783,10.6,17/05/2020,0,",,a",64,",,a",34,",,a"
ASN00087113,"AVALON AIRPORT, AS",-38.0287,144.4783,10.6,18/05/2020,0,",,a",67,",,a",34,",,a"
ASN00087113,"AVALON AIRPORT, AS",-38.0287,144.4783,10.6,19/05/2020,0.01,",,a",65,",,a",44,",,a"
ASN00087113,"AVALON AIRPORT, AS",-38.0287,144.4783,10.6,20/05/2020,0.34,",,a",60,",,a",48,",,a"
ASN00087113,"AVALON AIRPORT, AS",-38.0287,144.4783,10.6,21/05/2020,0.09,",,a",57,",,a",48,",,a"
ASN00087113,"AVALON AIRPORT, AS",-38.0287,144.4783,10.6,22/05/2020,0,",,a",57,",,a",43,",,a"
ASN00087113,"AVALON AIRPORT, AS",-38.0287,144.4783,10.6,23/05/2020,0,",,a",58,",,a",48,",,a"
ASN00087113,"AVALON AIRPORT, AS",-38.0287,144.4783,10.6,24/05/2020,0,",,a",58,",,a",50,",,a"
ASN00087113,"AVALON AIRPORT, AS",-38.0287,144.4783,10.6,25/05/2020,0,",,a",58,",,a",37,",,a"
ASN00087113,"AVALON AIRPORT, AS",-38.0287,144.4783,10.6,26/05/2020,0,",,a",57,",,a",43,",,a"
ASN00087113,"AVALON AIRPORT, AS",-38.0287,144.4783,10.6,27/05/2020,0,",,a",63,",,a",41,",,a"
ASN00087113,"AVALON AIRPORT, AS",-38.0287,144.4783,10.6,28/05/2020,0,",,a",63,",,a",47,",,a"
ASN00087113,"AVALON AIRPORT, AS",-38.0287,144.4783,10.6,29/05/2020,0,",,a",65,",,a",40,",,a"
ASN00087113,"AVALON AIRPORT, AS",-38.0287,144.4783,10.6,30/05/2020,0,",,a",63,",,a",44,",,a"
ASN00087113,"AVALON AIRPORT, AS",-38.0287,144.4783,10.6,31/05/2020,0,",,a",62,",,a",49,",,a"
ASN00087113,"AVALON AIRPORT, AS",-38.0287,144.4783,10.6,1/06/2020,0.01,",,a",53,",,a",48,",,a"
ASN00087113,"AVALON AIRPORT, AS",-38.0287,144.4783,10.6,2/06/2020,0,",,a",60,",,a",44,",,a"
ASN00087113,"AVALON AIRPORT, AS",-38.0287,144.4783,10.6,3/06/2020,0,",,a",57,",,a",49,",,a"
ASN00087113,"AVALON AIRPORT, AS",-38.0287,144.4783,10.6,4/06/2020,0,",,a",58,",,a",45,",,a"
ASN00087113,"AVALON AIRPORT, AS",-38.0287,144.4783,10.6,5/06/2020,0,",,a",57,",,a",33,",,a"
ASN00087113,"AVALON AIRPORT, AS",-38.0287,144.4783,10.6,6/06/2020,0,",,a",54,",,a",42,",,a"
ASN00087113,"AVALON AIRPORT, AS",-38.0287,144.4783,10.6,7/06/2020,0.06,",,a",53,",,a",46,",,a"
ASN00087113,"AVALON AIRPORT, AS",-38.0287,144.4783,10.6,8/06/2020,0,",,a",55,",,a",38,",,a"
ASN00087113,"AVALON AIRPORT, AS",-38.0287,144.4783,10.6,9/06/2020,0,",,a",57,",,a",33,",,a"
ASN00087113,"AVALON AIRPORT, AS",-38.0287,144.4783,10.6,10/06/2020,0,",,a",59,",,a",33,",,a"
ASN00087113,"AVALON AIRPORT, AS",-38.0287,144.4783,10.6,11/06/2020,0,",,a",60,",,a",33,",,a"
ASN00087113,"AVALON AIRPORT, AS",-38.0287,144.4783,10.6,12/06/2020,0,",,a",61,",,a",34,",,a"
ASN00087113,"AVALON AIRPORT, AS",-38.0287,144.4783,10.6,13/06/2020,0,",,a",60,",,a",38,",,a"
ASN00087113,"AVALON AIRPORT, AS",-38.0287,144.4783,10.6,14/06/2020,0,",,a",62,",,a",49,",,a"
ASN00087113,"AVALON AIRPORT, AS",-38.0287,144.4783,10.6,15/06/2020,0.11,",,a",64,",,a",52,",,a"
ASN00087113,"AVALON AIRPORT, AS",-38.0287,144.4783,10.6,16/06/2020,0,",,a",64,",,a",53,",,a"
ASN00087113,"AVALON AIRPORT, AS",-38.0287,144.4783,10.6,17/06/2020,0,",,a",56,",,a",44,",,a"
ASN00087113,"AVALON AIRPORT, AS",-38.0287,144.4783,10.6,18/06/2020,0.01,",,a",63,",,a",33,",,a"
ASN00087113,"AVALON AIRPORT, AS",-38.0287,144.4783,10.6,19/06/2020,0,",,a",64,",,a",44,",,a"
ASN00087113,"AVALON AIRPORT, AS",-38.0287,144.4783,10.6,20/06/2020,0.01,",,a",62,",,a",47,",,a"
ASN00087113,"AVALON AIRPORT, AS",-38.0287,144.4783,10.6,21/06/2020,0.03,",,a",54,",,a",39,",,a"
ASN00087113,"AVALON AIRPORT, AS",-38.0287,144.4783,10.6,22/06/2020,0,",,a",56,",,a",44,",,a"
ASN00087113,"AVALON AIRPORT, AS",-38.0287,144.4783,10.6,23/06/2020,0.02,",,a",60,",,a",47,",,a"
ASN00087113,"AVALON AIRPORT, AS",-38.0287,144.4783,10.6,24/06/2020,0.01,",,a",60,",,a",46,",,a"
ASN00087113,"AVALON AIRPORT, AS",-38.0287,144.4783,10.6,25/06/2020,0,",,a",61,",,a",48,",,a"
ASN00087113,"AVALON AIRPORT, AS",-38.0287,144.4783,10.6,26/06/2020,0.06,",,a",57,",,a",41,",,a"
ASN00087113,"AVALON AIRPORT, AS",-38.0287,144.4783,10.6,27/06/2020,0,",,a",56,",,a",37,",,a"
ASN00087113,"AVALON AIRPORT, AS",-38.0287,144.4783,10.6,28/06/2020,0,",,a",55,",,a",30,",,a"
ASN00087113,"AVALON AIRPORT, AS",-38.0287,144.4783,10.6,29/06/2020,0,",,a",54,",,a",30,",,a"
ASN00087113,"AVALON AIRPORT, AS",-38.0287,144.4783,10.6,30/06/2020,0,",,a",60,",,a",32,",,a"
ASN00087113,"AVALON AIRPORT, AS",-38.0287,144.4783,10.6,1/07/2020,0,",,a",66,",,a",39,",,a"
ASN00087113,"AVALON AIRPORT, AS",-38.0287,144.4783,10.6,2/07/2020,0.05,",,a",58,",,a",48,",,a"
ASN00087113,"AVALON AIRPORT, AS",-38.0287,144.4783,10.6,3/07/2020,0,",,a",52,",,a",44,",,a"
ASN00087113,"AVALON AIRPORT, AS",-38.0287,144.4783,10.6,4/07/2020,0.21,",,a",59,",,a",40,",,a"
ASN00087113,"AVALON AIRPORT, AS",-38.0287,144.4783,10.6,5/07/2020,0,",,a",58,",,a",46,",,a"
ASN00087113,"AVALON AIRPORT, AS",-38.0287,144.4783,10.6,6/07/2020,0,",,a",57,",,a",41,",,a"
ASN00087113,"AVALON AIRPORT, AS",-38.0287,144.4783,10.6,7/07/2020,0.01,",,a",55,",,a",45,",,a"
ASN00087113,"AVALON AIRPORT, AS",-38.0287,144.4783,10.6,8/07/2020,0.01,",,a",56,",,a",34,",,a"
ASN00087113,"AVALON AIRPORT, AS",-38.0287,144.4783,10.6,9/07/2020,0,",,a",63,",,a",32,",,a"
ASN00087113,"AVALON AIRPORT, AS",-38.0287,144.4783,10.6,10/07/2020,0,",,a",60,",,a",36,",,a"
ASN00087113,"AVALON AIRPORT, AS",-38.0287,144.4783,10.6,11/07/2020,0,",,a",52,",,a",37,",,a"
ASN00087113,"AVALON AIRPORT, AS",-38.0287,144.4783,10.6,12/07/2020,0,",,a",58,",,a",40,",,a"
ASN00087113,"AVALON AIRPORT, AS",-38.0287,144.4783,10.6,13/07/2020,0,",,a",59,",,a",44,",,a"
ASN00087113,"AVALON AIRPORT, AS",-38.0287,144.4783,10.6,14/07/2020,0,",,a",57,",,a",39,",,a"
ASN00087113,"AVALON AIRPORT, AS",-38.0287,144.4783,10.6,15/07/2020,0,",,a",56,",,a",43,",,a"
ASN00087113,"AVALON AIRPORT, AS",-38.0287,144.4783,10.6,16/07/2020,0.01,",,a",58,",,a",33,",,a"
ASN00087113,"AVALON AIRPORT, AS",-38.0287,144.4783,10.6,17/07/2020,0,",,a",53,",,a",31,",,a"
ASN00087113,"AVALON AIRPORT, AS",-38.0287,144.4783,10.6,18/07/2020,0,",,a",55,",,a",31,",,a"
ASN00087113,"AVALON AIRPORT, AS",-38.0287,144.4783,10.6,19/07/2020,0,",,a",62,",,a",43,",,a"
ASN00087113,"AVALON AIRPORT, AS",-38.0287,144.4783,10.6,20/07/2020,0.06,",,a",57,",,a",43,",,a"
ASN00087113,"AVALON AIRPORT, AS",-38.0287,144.4783,10.6,21/07/2020,0,",,a",56,",,a",41,",,a"
ASN00087113,"AVALON AIRPORT, AS",-38.0287,144.4783,10.6,22/07/2020,0.01,",,a",57,",,a",45,",,a"
ASN00087113,"AVALON AIRPORT, AS",-38.0287,144.4783,10.6,23/07/2020,0.09,",,a",54,",,a",44,",,a"
ASN00087113,"AVALON AIRPORT, AS",-38.0287,144.4783,10.6,24/07/2020,0,",,a",58,",,a",32,",,a"
ASN00087113,"AVALON AIRPORT, AS",-38.0287,144.4783,10.6,25/07/2020,0,",,a",54,",,a",31,",,a"
ASN00087113,"AVALON AIRPORT, AS",-38.0287,144.4783,10.6,26/07/2020,0,",,a",54,",,a",36,",,a"
ASN00087113,"AVALON AIRPORT, AS",-38.0287,144.4783,10.6,27/07/2020,0,",,a",59,",,a",43,",,a"
ASN00087113,"AVALON AIRPORT, AS",-38.0287,144.4783,10.6,28/07/2020,0,",,a",59,",,a",46,",,a"
ASN00087113,"AVALON AIRPORT, AS",-38.0287,144.4783,10.6,29/07/2020,0,",,a",62,",,a",41,",,a"
ASN00087113,"AVALON AIRPORT, AS",-38.0287,144.4783,10.6,30/07/2020,0.01,",,a",60,",,a",41,",,a"
ASN00087113,"AVALON AIRPORT, AS",-38.0287,144.4783,10.6,31/07/2020,0,",,a",59,",,a",33,",,a"
ASN00087113,"AVALON AIRPORT, AS",-38.0287,144.4783,10.6,1/08/2020,0,",,a",67,",,a",39,",,a"
ASN00087113,"AVALON AIRPORT, AS",-38.0287,144.4783,10.6,2/08/2020,0,",,a",62,",,a",42,",,a"
ASN00087113,"AVALON AIRPORT, AS",-38.0287,144.4783,10.6,3/08/2020,0,",,a",60,",,a",39,",,a"
ASN00087113,"AVALON AIRPORT, AS",-38.0287,144.4783,10.6,4/08/2020,0.02,",,a",52,",,a",37,",,a"
ASN00087113,"AVALON AIRPORT, AS",-38.0287,144.4783,10.6,5/08/2020,0.11,",,a",53,",,a",37,",,a"
ASN00087113,"AVALON AIRPORT, AS",-38.0287,144.4783,10.6,6/08/2020,0,",,a",55,",,a",39,",,a"
ASN00087113,"AVALON AIRPORT, AS",-38.0287,144.4783,10.6,7/08/2020,0,",,a",53,",,a",41,",,a"
ASN00087113,"AVALON AIRPORT, AS",-38.0287,144.4783,10.6,8/08/2020,0.02,",,a",56,",,a",49,",,a"
ASN00087113,"AVALON AIRPORT, AS",-38.0287,144.4783,10.6,9/08/2020,0,",,a",59,",,a",46,",,a"
ASN00087113,"AVALON AIRPORT, AS",-38.0287,144.4783,10.6,10/08/2020,0,",,a",57,",,a",36,",,a"
ASN00087113,"AVALON AIRPORT, AS",-38.0287,144.4783,10.6,11/08/2020,0,",,a",63,",,a",33,",,a"
ASN00087113,"AVALON AIRPORT, AS",-38.0287,144.4783,10.6,12/08/2020,0,",,a",64,",,a",47,",,a"
ASN00087113,"AVALON AIRPORT, AS",-38.0287,144.4783,10.6,13/08/2020,0.08,",,a",67,",,a",47,",,a"
ASN00087113,"AVALON AIRPORT, AS",-38.0287,144.4783,10.6,14/08/2020,0.05,",,a",64,",,a",48,",,a"
ASN00087113,"AVALON AIRPORT, AS",-38.0287,144.4783,10.6,15/08/2020,0.02,",,a",61,",,a",42,",,a"
ASN00087113,"AVALON AIRPORT, AS",-38.0287,144.4783,10.6,16/08/2020,0,",,a",61,",,a",47,",,a"
ASN00087113,"AVALON AIRPORT, AS",-38.0287,144.4783,10.6,17/08/2020,0,",,a",61,",,a",43,",,a"
ASN00087113,"AVALON AIRPORT, AS",-38.0287,144.4783,10.6,18/08/2020,0.03,",,a",63,",,a",44,",,a"
ASN00087113,"AVALON AIRPORT, AS",-38.0287,144.4783,10.6,19/08/2020,0.12,",,a",56,",,a",47,",,a"
ASN00087113,"AVALON AIRPORT, AS",-38.0287,144.4783,10.6,20/08/2020,0.06,",,a",60,",,a",46,",,a"
ASN00087113,"AVALON AIRPORT, AS",-38.0287,144.4783,10.6,21/08/2020,0.14,",,a",55,",,a",44,",,a"
ASN00087113,"AVALON AIRPORT, AS",-38.0287,144.4783,10.6,22/08/2020,0.15,",,a",54,",,a",41,",,a"
ASN00087113,"AVALON AIRPORT, AS",-38.0287,144.4783,10.6,23/08/2020,0.78,",,a",54,",,a",44,",,a"
ASN00087113,"AVALON AIRPORT, AS",-38.0287,144.4783,10.6,24/08/2020,0.03,",,a",55,",,a",40,",,a"
ASN00087113,"AVALON AIRPORT, AS",-38.0287,144.4783,10.6,25/08/2020,0.06,",,a",58,",,a",39,",,a"
ASN00087113,"AVALON AIRPORT, AS",-38.0287,144.4783,10.6,26/08/2020,0,",,a",59,",,a",37,",,a"
ASN00087113,"AVALON AIRPORT, AS",-38.0287,144.4783,10.6,27/08/2020,0.01,",,a",69,",,a",44,",,a"
ASN00087113,"AVALON AIRPORT, AS",-38.0287,144.4783,10.6,28/08/2020,0.06,",,a",64,",,a",41,",,a"
ASN00087113,"AVALON AIRPORT, AS",-38.0287,144.4783,10.6,29/08/2020,0,",,a",70,",,a",37,",,a"
ASN00087113,"AVALON AIRPORT, AS",-38.0287,144.4783,10.6,30/08/2020,0,",,a",66,",,a",51,",,a"
ASN00087113,"AVALON AIRPORT, AS",-38.0287,144.4783,10.6,31/08/2020,0.03,",,a",55,",,a",38,",,a"
ASN00087113,"AVALON AIRPORT, AS",-38.0287,144.4783,10.6,1/09/2020,0,",,a",62,",,a",34,",,a"
ASN00087113,"AVALON AIRPORT, AS",-38.0287,144.4783,10.6,2/09/2020,0,",,a",71,",,a",43,",,a"
ASN00087113,"AVALON AIRPORT, AS",-38.0287,144.4783,10.6,3/09/2020,0,",,a",66,",,a",47,",,a"
ASN00087113,"AVALON AIRPORT, AS",-38.0287,144.4783,10.6,4/09/2020,0.02,",,a",61,",,a",42,",,a"
ASN00087113,"AVALON AIRPORT, AS",-38.0287,144.4783,10.6,5/09/2020,0,",,a",64,",,a",47,",,a"
ASN00087113,"AVALON AIRPORT, AS",-38.0287,144.4783,10.6,6/09/2020,0,",,a",69,",,a",34,",,a"
ASN00087113,"AVALON AIRPORT, AS",-38.0287,144.4783,10.6,7/09/2020,0,",,a",75,",,a",48,",,a"
ASN00087113,"AVALON AIRPORT, AS",-38.0287,144.4783,10.6,8/09/2020,0,",,a",69,",,a",61,",,a"
ASN00087113,"AVALON AIRPORT, AS",-38.0287,144.4783,10.6,9/09/2020,0.01,",,a",59,",,a",39,",,a"
ASN00087113,"AVALON AIRPORT, AS",-38.0287,144.4783,10.6,10/09/2020,0,",,a",65,",,a",43,",,a"
ASN00087113,"AVALON AIRPORT, AS",-38.0287,144.4783,10.6,11/09/2020,0,",,a",68,",,a",45,",,a"
ASN00087113,"AVALON AIRPORT, AS",-38.0287,144.4783,10.6,12/09/2020,0.43,",,a",58,",,a",54,",,a"
ASN00087113,"AVALON AIRPORT, AS",-38.0287,144.4783,10.6,13/09/2020,1.46,",,a",63,",,a",51,",,a"
ASN00087113,"AVALON AIRPORT, AS",-38.0287,144.4783,10.6,14/09/2020,0,",,a",63,",,a",48,",,a"
ASN00087113,"AVALON AIRPORT, AS",-38.0287,144.4783,10.6,15/09/2020,0,",,a",63,",,a",40,",,a"
ASN00087113,"AVALON AIRPORT, AS",-38.0287,144.4783,10.6,16/09/2020,0,",,a",73,",,a",38,",,a"
ASN00087113,"AVALON AIRPORT, AS",-38.0287,144.4783,10.6,17/09/2020,0.2,",,a",57,",,a",49,",,a"
ASN00087113,"AVALON AIRPORT, AS",-38.0287,144.4783,10.6,18/09/2020,0.02,",,a",63,",,a",49,",,a"
ASN00087113,"AVALON AIRPORT, AS",-38.0287,144.4783,10.6,19/09/2020,0.01,",,a",79,",,a",49,",,a"
ASN00087113,"AVALON AIRPORT, AS",-38.0287,144.4783,10.6,20/09/2020,0,",,a",72,",,a",60,",,a"
ASN00087113,"AVALON AIRPORT, AS",-38.0287,144.4783,10.6,21/09/2020,0.19,",,a",69,",,a",55,",,a"
ASN00087113,"AVALON AIRPORT, AS",-38.0287,144.4783,10.6,22/09/2020,0.01,",,a",65,",,a",50,",,a"
ASN00087113,"AVALON AIRPORT, AS",-38.0287,144.4783,10.6,23/09/2020,0.02,",,a",60,",,a",50,",,a"
ASN00087113,"AVALON AIRPORT, AS",-38.0287,144.4783,10.6,24/09/2020,0.08,",,a",59,",,a",42,",,a"
ASN00087113,"AVALON AIRPORT, AS",-38.0287,144.4783,10.6,25/09/2020,0.08,",,a",52,",,a",42,",,a"
ASN00087113,"AVALON AIRPORT, AS",-38.0287,144.4783,10.6,26/09/2020,0.43,",,a",58,",,a",39,",,a"
ASN00087113,"AVALON AIRPORT, AS",-38.0287,144.4783,10.6,27/09/2020,0.03,",,a",57,",,a",43,",,a"
ASN00087113,"AVALON AIRPORT, AS",-38.0287,144.4783,10.6,28/09/2020,0,",,a",57,",,a",36,",,a"
ASN00087113,"AVALON AIRPORT, AS",-38.0287,144.4783,10.6,29/09/2020,0,",,a",70,",,a",34,",,a"
ASN00087113,"AVALON AIRPORT, AS",-38.0287,144.4783,10.6,30/09/2020,0.03,",,a",67,",,a",52,",,a"
ASN00087113,"AVALON AIRPORT, AS",-38.0287,144.4783,10.6,1/10/2020,0.08,",,a",71,",,a",45,",,a"
ASN00087113,"AVALON AIRPORT, AS",-38.0287,144.4783,10.6,2/10/2020,0,",,a",83,",,a",46,",,a"
ASN00087113,"AVALON AIRPORT, AS",-38.0287,144.4783,10.6,3/10/2020,0,",,a",85,",,a",61,",,a"
ASN00087113,"AVALON AIRPORT, AS",-38.0287,144.4783,10.6,4/10/2020,0,",,a",81,",,a",52,",,a"
ASN00087113,"AVALON AIRPORT, AS",-38.0287,144.4783,10.6,5/10/2020,0.39,",,a",58,",,a",47,",,a"
ASN00087113,"AVALON AIRPORT, AS",-38.0287,144.4783,10.6,6/10/2020,0.02,",,a",54,",,a",47,",,a"
ASN00087113,"AVALON AIRPORT, AS",-38.0287,144.4783,10.6,7/10/2020,0.06,",,a",59,",,a",48,",,a"
ASN00087113,"AVALON AIRPORT, AS",-38.0287,144.4783,10.6,8/10/2020,0.52,",,a",63,",,a",51,",,a"
ASN00087113,"AVALON AIRPORT, AS",-38.0287,144.4783,10.6,9/10/2020,0.08,",,a",61,",,a",50,",,a"
ASN00087113,"AVALON AIRPORT, AS",-38.0287,144.4783,10.6,10/10/2020,0,",,a",68,",,a",45,",,a"
ASN00087113,"AVALON AIRPORT, AS",-38.0287,144.4783,10.6,11/10/2020,0,",,a",62,",,a",48,",,a"
ASN00087113,"AVALON AIRPORT, AS",-38.0287,144.4783,10.6,12/10/2020,0,",,a",79,",,a",37,",,a"
ASN00087113,"AVALON AIRPORT, AS",-38.0287,144.4783,10.6,13/10/2020,0,",,a",62,",,a",54,",,a"
ASN00087113,"AVALON AIRPORT, AS",-38.0287,144.4783,10.6,14/10/2020,0,",,a",73,",,a",49,",,a"
ASN00087113,"AVALON AIRPORT, AS",-38.0287,144.4783,10.6,15/10/2020,0,",,a",74,",,a",56,",,a"
ASN00087113,"AVALON AIRPORT, AS",-38.0287,144.4783,10.6,16/10/2020,0.02,",,a",62,",,a",45,",,a"
ASN00087113,"AVALON AIRPORT, AS",-38.0287,144.4783,10.6,17/10/2020,0.25,",,a",64,",,a",54,",,a"
ASN00087113,"AVALON AIRPORT, AS",-38.0287,144.4783,10.6,18/10/2020,0.01,",,a",60,",,a",49,",,a"
ASN00087113,"AVALON AIRPORT, AS",-38.0287,144.4783,10.6,19/10/2020,0,",,a",60,",,a",43,",,a"
ASN00087113,"AVALON AIRPORT, AS",-38.0287,144.4783,10.6,20/10/2020,0.01,",,a",61,",,a",40,",,a"
ASN00087113,"AVALON AIRPORT, AS",-38.0287,144.4783,10.6,21/10/2020,0,",,a",64,",,a",43,",,a"
ASN00087113,"AVALON AIRPORT, AS",-38.0287,144.4783,10.6,22/10/2020,0,",,a",65,",,a",46,",,a"
ASN00087113,"AVALON AIRPORT, AS",-38.0287,144.4783,10.6,23/10/2020,0.01,",,a",68,",,a",52,",,a"
ASN00087113,"AVALON AIRPORT, AS",-38.0287,144.4783,10.6,24/10/2020,1,",,a",60,",,a",53,",,a"
ASN00087113,"AVALON AIRPORT, AS",-38.0287,144.4783,10.6,25/10/2020,0.08,",,a",58,",,a",46,",,a"
ASN00087113,"AVALON AIRPORT, AS",-38.0287,144.4783,10.6,26/10/2020,0.01,",,a",64,",,a",49,",,a"
ASN00087113,"AVALON AIRPORT, AS",-38.0287,144.4783,10.6,27/10/2020,0,",,a",65,",,a",52,",,a"
ASN00087113,"AVALON AIRPORT, AS",-38.0287,144.4783,10.6,28/10/2020,0,",,a",69,",,a",54,",,a"
ASN00087113,"AVALON AIRPORT, AS",-38.0287,144.4783,10.6,29/10/2020,0,",,a",71,",,a",47,",,a"
ASN00087113,"AVALON AIRPORT, AS",-38.0287,144.4783,10.6,30/10/2020,0,",,a",67,",,a",53,",,a"
ASN00087113,"AVALON AIRPORT, AS",-38.0287,144.4783,10.6,31/10/2020,0,",,a",64,",,a",55,",,a"
ASN00087113,"AVALON AIRPORT, AS",-38.0287,144.4783,10.6,1/11/2020,0,",,a",65,",,a",52,",,a"
ASN00087113,"AVALON AIRPORT, AS",-38.0287,144.4783,10.6,2/11/2020,0,",,a",80,",,a",43,",,a"
ASN00087113,"AVALON AIRPORT, AS",-38.0287,144.4783,10.6,3/11/2020,0,",,a",89,",,a",49,",,a"
ASN00087113,"AVALON AIRPORT, AS",-38.0287,144.4783,10.6,4/11/2020,0,",,a",70,",,a",66,",,a"
ASN00087113,"AVALON AIRPORT, AS",-38.0287,144.4783,10.6,5/11/2020,0.13,",,a",61,",,a",46,",,a"
ASN00087113,"AVALON AIRPORT, AS",-38.0287,144.4783,10.6,6/11/2020,0.01,",,a",63,",,a",49,",,a"
ASN00087113,"AVALON AIRPORT, AS",-38.0287,144.4783,10.6,7/11/2020,0.01,",,a",62,",,a",50,",,a"
ASN00087113,"AVALON AIRPORT, AS",-38.0287,144.4783,10.6,8/11/2020,0,",,a",67,",,a",46,",,a"
ASN00087113,"AVALON AIRPORT, AS",-38.0287,144.4783,10.6,9/11/2020,0,",,a",86,",,a",45,",,a"
ASN00087113,"AVALON AIRPORT, AS",-38.0287,144.4783,10.6,10/11/2020,0,",,a",92,",,a",55,",,a"
ASN00087113,"AVALON AIRPORT, AS",-38.0287,144.4783,10.6,11/11/2020,0,",,a",76,",,a",68,",,a"
ASN00087113,"AVALON AIRPORT, AS",-38.0287,144.4783,10.6,12/11/2020,0.28,",,a",75,",,a",60,",,a"
ASN00087113,"AVALON AIRPORT, AS",-38.0287,144.4783,10.6,13/11/2020,0,",,a",69,",,a",56,",,a"
ASN00087113,"AVALON AIRPORT, AS",-38.0287,144.4783,10.6,14/11/2020,0,",,a",73,",,a",54,",,a"
ASN00087113,"AVALON AIRPORT, AS",-38.0287,144.4783,10.6,15/11/2020,0,",,a",92,",,a",48,",,a"
ASN00087113,"AVALON AIRPORT, AS",-38.0287,144.4783,10.6,16/11/2020,0,",,a",74,",,a",57,",,a"
ASN00087113,"AVALON AIRPORT, AS",-38.0287,144.4783,10.6,17/11/2020,0,",,a",71,",,a",49,",,a"
ASN00087113,"AVALON AIRPORT, AS",-38.0287,144.4783,10.6,18/11/2020,0,",,a",81,",,a",45,",,a"
ASN00087113,"AVALON AIRPORT, AS",-38.0287,144.4783,10.6,19/11/2020,0,",,a",97,",,a",51,",,a"
ASN00087113,"AVALON AIRPORT, AS",-38.0287,144.4783,10.6,20/11/2020,0,",,a",71,",,a",57,",,a"
ASN00087113,"AVALON AIRPORT, AS",-38.0287,144.4783,10.6,21/11/2020,0,",,a",75,",,a",49,",,a"
ASN00087113,"AVALON AIRPORT, AS",-38.0287,144.4783,10.6,22/11/2020,0,",,a",85,",,a",57,",,a"
ASN00087113,"AVALON AIRPORT, AS",-38.0287,144.4783,10.6,23/11/2020,2.13,",,a",69,",,a",61,",,a"
ASN00087113,"AVALON AIRPORT, AS",-38.0287,144.4783,10.6,24/11/2020,0.09,",,a",67,",,a",50,",,a"
ASN00087113,"AVALON AIRPORT, AS",-38.0287,144.4783,10.6,25/11/2020,0,",,a",88,",,a",52,",,a"
ASN00087113,"AVALON AIRPORT, AS",-38.0287,144.4783,10.6,26/11/2020,0,",,a",67,",,a",57,",,a"
ASN00087113,"AVALON AIRPORT, AS",-38.0287,144.4783,10.6,27/11/2020,0,",,a",96,",,a",46,",,a"
ASN00087113,"AVALON AIRPORT, AS",-38.0287,144.4783,10.6,28/11/2020,0,",,a",76,",,a",60,",,a"
ASN00087113,"AVALON AIRPORT, AS",-38.0287,144.4783,10.6,29/11/2020,0.27,",,a",67,",,a",56,",,a"
ASN00087113,"AVALON AIRPORT, AS",-38.0287,144.4783,10.6,30/11/2020,0.01,",,a",76,",,a",52,",,a"
ASN00087113,"AVALON AIRPORT, AS",-38.0287,144.4783,10.6,1/12/2020,0,",,a",80,",,a",61,",,a"
ASN00087113,"AVALON AIRPORT, AS",-38.0287,144.4783,10.6,2/12/2020,0,",,a",67,",,a",49,",,a"
ASN00087113,"AVALON AIRPORT, AS",-38.0287,144.4783,10.6,3/12/2020,0,",,a",73,",,a",46,",,a"
ASN00087113,"AVALON AIRPORT, AS",-38.0287,144.4783,10.6,4/12/2020,0,",,a",74,",,a",46,",,a"
ASN00087113,"AVALON AIRPORT, AS",-38.0287,144.4783,10.6,5/12/2020,0,",,a",81,",,a",54,",,a"
ASN00087113,"AVALON AIRPORT, AS",-38.0287,144.4783,10.6,6/12/2020,0.12,",,a",69,",,a",53,",,a"
ASN00087113,"AVALON AIRPORT, AS",-38.0287,144.4783,10.6,7/12/2020,0.01,",,a",64,",,a",51,",,a"
ASN00087113,"AVALON AIRPORT, AS",-38.0287,144.4783,10.6,8/12/2020,0.02,",,a",64,",,a",48,",,a"
ASN00087113,"AVALON AIRPORT, AS",-38.0287,144.4783,10.6,9/12/2020,0,",,a",75,",,a",49,",,a"
ASN00087113,"AVALON AIRPORT, AS",-38.0287,144.4783,10.6,10/12/2020,0,",,a",66,",,a",55,",,a"
ASN00087113,"AVALON AIRPORT, AS",-38.0287,144.4783,10.6,11/12/2020,0,",,a",69,",,a",51,",,a"
ASN00087113,"AVALON AIRPORT, AS",-38.0287,144.4783,10.6,12/12/2020,0,",,a",80,",,a",49,",,a"
ASN00087113,"AVALON AIRPORT, AS",-38.0287,144.4783,10.6,13/12/2020,0,",,a",90,",,a",54,",,a"
ASN00087113,"AVALON AIRPORT, AS",-38.0287,144.4783,10.6,14/12/2020,0,",,a",96,",,a",56,",,a"
ASN00087113,"AVALON AIRPORT, AS",-38.0287,144.4783,10.6,15/12/2020,0,",,a",87,",,a",64,",,a"
ASN00087113,"AVALON AIRPORT, AS",-38.0287,144.4783,10.6,16/12/2020,0,",,a",72,",,a",59,",,a"
ASN00087113,"AVALON AIRPORT, AS",-38.0287,144.4783,10.6,17/12/2020,0,",,a",84,",,a",62,",,a"
ASN00087113,"AVALON AIRPORT, AS",-38.0287,144.4783,10.6,18/12/2020,0.03,",,a",69,",,a",54,",,a"
ASN00087113,"AVALON AIRPORT, AS",-38.0287,144.4783,10.6,19/12/2020,0,",,a",68,",,a",47,",,a"
ASN00087113,"AVALON AIRPORT, AS",-38.0287,144.4783,10.6,20/12/2020,0,",,a",68,",,a",45,",,a"
ASN00087113,"AVALON AIRPORT, AS",-38.0287,144.4783,10.6,21/12/2020,0,",,a",69,",,a",47,",,a"
ASN00087113,"AVALON AIRPORT, AS",-38.0287,144.4783,10.6,22/12/2020,0.8,",,a",67,",,a",56,",,a"
ASN00087113,"AVALON AIRPORT, AS",-38.0287,144.4783,10.6,23/12/2020,0.4,",,a",66,",,a",52,",,a"
ASN00087113,"AVALON AIRPORT, AS",-38.0287,144.4783,10.6,24/12/2020,0,",,a",67,",,a",54,",,a"
ASN00087113,"AVALON AIRPORT, AS",-38.0287,144.4783,10.6,25/12/2020,0,",,a",66,",,a",50,",,a"
ASN00087113,"AVALON AIRPORT, AS",-38.0287,144.4783,10.6,26/12/2020,0,",,a",79,",,a",49,",,a"
ASN00087113,"AVALON AIRPORT, AS",-38.0287,144.4783,10.6,27/12/2020,0,",,a",90,",,a",58,",,a"
ASN00087113,"AVALON AIRPORT, AS",-38.0287,144.4783,10.6,28/12/2020,0.09,",,a",65,",,a",45,",,a"
ASN00087113,"AVALON AIRPORT, AS",-38.0287,144.4783,10.6,29/12/2020,0,",,a",71,",,a",44,",,a"
