Suburb,Year,Population
Armstrong Creek,2012,1521.00
Armstrong Creek,2013,2515.00
Armstrong Creek,2014,3515.00
Armstrong Creek,2015,4524.00
Armstrong Creek,2016,5561.00
Armstrong Creek,2017,6889.00
Armstrong Creek,2018,8496.00
Armstrong Creek,2019,10056.00
Armstrong Creek,2020,10785.10714
Armstrong Creek,2021,11985.21
Armstrong Creek,2022,13185.32
Armstrong Creek,2023,14385.43
Armstrong Creek,2024,15585.54
Armstrong Creek,2025,16785.64
Armstrong Creek,2026,17985.75
Armstrong Creek,2027,19185.86
Armstrong Creek,2028,20385.96
Armstrong Creek,2029,21586.07
Armstrong Creek,2030,22786.18
Armstrong Creek,2031,23986.29
Armstrong Creek,2032,25186.39
Armstrong Creek,2033,26386.50
Armstrong Creek,2034,27586.61
Armstrong Creek,2035,28786.71
Armstrong Creek,2036,29986.82
Armstrong Creek,2037,31186.93
Armstrong Creek,2038,32387.04
Armstrong Creek,2039,33587.14
Armstrong Creek,2040,34787.25
Armstrong Creek,2041,35987.36
Armstrong Creek,2042,37187.46
Armstrong Creek,2043,38387.57
Armstrong Creek,2044,39587.68
Armstrong Creek,2045,40787.79
Armstrong Creek,2046,41987.89
Armstrong Creek,2047,43188.00
Armstrong Creek,2048,44388.11
Armstrong Creek,2049,45588.21
Barwon Heads,2012,4126.00
Barwon Heads,2013,4207.00
Barwon Heads,2014,4349.00
Barwon Heads,2015,4548.00
Barwon Heads,2016,4761.00
Barwon Heads,2017,4833.00
Barwon Heads,2018,4951.00
Barwon Heads,2019,5106.00
Barwon Heads,2020,5266.11
Barwon Heads,2021,5411.88
Barwon Heads,2022,5557.65
Barwon Heads,2023,5703.43
Barwon Heads,2024,5849.20
Barwon Heads,2025,5994.98
Barwon Heads,2026,6140.75
Barwon Heads,2027,6286.52
Barwon Heads,2028,6432.30
Barwon Heads,2029,6578.07
Barwon Heads,2030,6723.85
Barwon Heads,2031,6869.62
Barwon Heads,2032,7015.39
Barwon Heads,2033,7161.17
Barwon Heads,2034,7306.94
Barwon Heads,2035,7452.71
Barwon Heads,2036,7598.49
Barwon Heads,2037,7744.26
Barwon Heads,2038,7890.04
Barwon Heads,2039,8035.81
Barwon Heads,2040,8181.58
Barwon Heads,2041,8327.36
Barwon Heads,2042,8473.13
Barwon Heads,2043,8618.90
Barwon Heads,2044,8764.68
Barwon Heads,2045,8910.45
Barwon Heads,2046,9056.23
Barwon Heads,2047,9202.00
Barwon Heads,2048,9347.77
Barwon Heads,2049,9493.55
Bell Park,2012,4995.00
Bell Park,2013,5017.00
Bell Park,2014,5048.00
Bell Park,2015,5108.00
Bell Park,2016,5153.00
Bell Park,2017,5225.00
Bell Park,2018,5282.00
Bell Park,2019,5423.00
Bell Park,2020,5418.71
Bell Park,2021,5477.01
Bell Park,2022,5535.31
Bell Park,2023,5593.61
Bell Park,2024,5651.90
Bell Park,2025,5710.20
Bell Park,2026,5768.50
Bell Park,2027,5826.80
Bell Park,2028,5885.10
Bell Park,2029,5943.39
Bell Park,2030,6001.69
Bell Park,2031,6059.99
Bell Park,2032,6118.29
Bell Park,2033,6176.58
Bell Park,2034,6234.88
Bell Park,2035,6293.18
Bell Park,2020,5418.71
Bell Park,2021,5477.01
Bell Park,2022,5535.31
Bell Park,2023,5593.61
Bell Park,2024,5651.90
Bell Park,2025,5710.20
Bell Park,2026,5768.50
Bell Park,2027,5826.80
Bell Park,2028,5885.10
Bell Park,2029,5943.39
Bell Park,2030,6001.69
Bell Park,2031,6059.99
Bell Park,2032,6118.29
Bell Park,2033,6176.58
Bell Park,2034,6234.88
Bell Park,2035,6293.18
Bell Park,2036,6351.48
Bell Park,2037,6409.77
Bell Park,2038,6468.07
Bell Park,2039,6526.37
Bell Park,2040,6584.67
Bell Park,2041,6642.96
Bell Park,2042,6701.26
Bell Park,2043,6759.56
Bell Park,2044,6817.86
Bell Park,2045,6876.15
Bell Park,2046,6934.45
Bell Park,2047,6992.75
Bell Park,2048,7051.05
Bell Park,2049,7109.35
Bell post Hill,2012,5101.00
Bell post Hill,2013,5039.00
Bell post Hill,2014,4985.00
Bell post Hill,2015,4984.00
Bell post Hill,2016,5058.00
Bell post Hill,2017,5093.00
Bell post Hill,2018,5146.00
Bell post Hill,2019,5223.00
Bell Post Hill,2020,5174.36
Bell Post Hill,2021,5195.63
Bell Post Hill,2022,5216.90
Bell Post Hill,2023,5238.18
Bell Post Hill,2024,5259.45
Bell Post Hill,2025,5280.73
Bell Post Hill,2026,5302.00
Bell Post Hill,2027,5323.27
Bell Post Hill,2028,5344.55
Bell Post Hill,2029,5365.82
Bell Post Hill,2030,5387.10
Bell Post Hill,2031,5408.37
Bell Post Hill,2032,5429.64
Bell Post Hill,2033,5450.92
Bell Post Hill,2034,5472.19
Bell Post Hill,2035,5493.46
Bell Post Hill,2036,5514.74
Bell Post Hill,2037,5536.01
Bell Post Hill,2038,5557.29
Bell Post Hill,2039,5578.56
Bell Post Hill,2040,5599.83
Bell Post Hill,2041,5621.11
Bell Post Hill,2042,5642.38
Bell Post Hill,2043,5663.65
Bell Post Hill,2044,5684.93
Bell Post Hill,2045,5706.20
Bell Post Hill,2046,5727.48
Bell Post Hill,2047,5748.75
Bell Post Hill,2048,5770.02
Bell Post Hill,2049,5791.30
Belmont,2012,13988.00
Belmont,2013,14016.00
Belmont,2014,14092.00
Belmont,2015,14172.00
Belmont,2016,14341.00
Belmont,2017,14554.00
Belmont,2018,14647.00
Belmont,2019,14805.00
Belmont,2020,14885.57
Belmont,2021,15009.73
Belmont,2022,15133.88
Belmont,2023,15258.04
Belmont,2024,15382.19
Belmont,2025,15506.35
Belmont,2026,15630.50
Belmont,2027,15754.65
Belmont,2028,15878.81
Belmont,2029,16002.96
Belmont,2030,16127.12
Belmont,2031,16251.27
Belmont,2032,16375.43
Belmont,2033,16499.58
Belmont,2034,16623.74
Belmont,2035,16747.89
Belmont,2036,16872.05
Belmont,2037,16996.20
Belmont,2038,17120.36
Belmont,2039,17244.51
Belmont,2040,17368.67
Belmont,2041,17492.82
Belmont,2042,17616.98
Belmont,2043,17741.13
Belmont,2044,17865.29
Belmont,2045,17989.44
Belmont,2046,18113.60
Belmont,2047,18237.75
Belmont,2048,18361.90
Belmont,2049,18486.06
Clifton Springs,2012,7589.00
Clifton Springs,2013,7499.00
Clifton Springs,2014,7460.00
Clifton Springs,2015,7526.00
Clifton Springs,2016,7659.00
Clifton Springs,2017,7696.00
Clifton Springs,2018,7870.00
Clifton Springs,2019,7975.00
Clifton Springs,2020,7948.43
Clifton Springs,2021,8012.69
Clifton Springs,2022,8076.95
Clifton Springs,2023,8141.21
Clifton Springs,2024,8205.48
Clifton Springs,2025,8269.74
Clifton Springs,2026,8334.00
Clifton Springs,2027,8398.26
Clifton Springs,2028,8462.52
Clifton Springs,2029,8526.79
Clifton Springs,2030,8591.05
Clifton Springs,2031,8655.31
Clifton Springs,2032,8719.57
Clifton Springs,2033,8783.83
Clifton Springs,2034,8848.10
Clifton Springs,2035,8912.36
Clifton Springs,2036,8976.62
Clifton Springs,2037,9040.88
Clifton Springs,2038,9105.14
Clifton Springs,2039,9169.40
Clifton Springs,2040,9233.67
Clifton Springs,2041,9297.93
Clifton Springs,2042,9362.19
Clifton Springs,2043,9426.45
Clifton Springs,2044,9490.71
Clifton Springs,2045,9554.98
Clifton Springs,2046,9619.24
Clifton Springs,2047,9683.50
Clifton Springs,2048,9747.76
Clifton Springs,2049,9812.02
Corio,2012,15527.00
Corio,2013,15563.00
Corio,2014,15521.00
Corio,2015,15541.00
Corio,2016,15698.00
Corio,2017,15897.00
Corio,2018,15974.00
Corio,2019,16039.00
Corio,2020,16090.93
Corio,2021,16173.36
Corio,2022,16255.79
Corio,2023,16338.21
Corio,2024,16420.64
Corio,2025,16503.07
Corio,2026,16585.50
Corio,2027,16667.93
Corio,2028,16750.36
Corio,2029,16832.79
Corio,2030,16915.21
Corio,2031,16997.64
Corio,2032,17080.07
Corio,2033,17162.50
Corio,2034,17244.93
Corio,2035,17327.36
Corio,2036,17409.79
Corio,2037,17492.21
Corio,2038,17574.64
Corio,2039,17657.07
Corio,2040,17739.50
Corio,2041,17821.93
Corio,2042,17904.36
Corio,2043,17986.79
Corio,2044,18069.21
Corio,2045,18151.64
Corio,2046,18234.07
Corio,2047,18316.50
Corio,2048,18398.93
Corio,2049,18481.36
Curlewis,2012,472.00
Curlewis,2013,723.00
Curlewis,2014,990.00
Curlewis,2015,1268.00
Curlewis,2016,1580.00
Curlewis,2017,1872.00
Curlewis,2018,2175.00
Curlewis,2019,2626.00
Curlewis,2020,2818.39
Curlewis,2021,3119.54
Curlewis,2022,3420.68
Curlewis,2023,3721.82
Curlewis,2024,4022.96
Curlewis,2025,4324.11
Curlewis,2026,4625.25
Curlewis,2027,4926.39
Curlewis,2028,5227.54
Curlewis,2029,5528.68
Curlewis,2030,5829.82
Curlewis,2031,6130.96
Curlewis,2032,6432.11
Curlewis,2033,6733.25
Curlewis,2034,7034.39
Curlewis,2035,7335.54
Curlewis,2036,7636.68
Curlewis,2037,7937.82
Curlewis,2038,8238.96
Curlewis,2039,8540.11
Curlewis,2040,8841.25
Curlewis,2041,9142.39
Curlewis,2042,9443.54
Curlewis,2043,9744.68
Curlewis,2044,10045.82
Curlewis,2045,10346.96
Curlewis,2046,10648.11
Curlewis,2047,10949.25
Curlewis,2048,11250.39
Curlewis,2049,11551.54
Drysdale,2012,4062.00
Drysdale,2013,4139.00
Drysdale,2014,4243.00
Drysdale,2015,4375.00
Drysdale,2016,4524.00
Drysdale,2017,4688.00
Drysdale,2018,4772.00
Drysdale,2019,4981.00
Drysdale,2020,5066.68
Drysdale,2021,5198.61
Drysdale,2022,5330.54
Drysdale,2023,5462.46
Drysdale,2024,5594.39
Drysdale,2025,5726.32
Drysdale,2026,5858.25
Drysdale,2027,5990.18
Drysdale,2028,6122.11
Drysdale,2029,6254.04
Drysdale,2030,6385.96
Drysdale,2031,6517.89
Drysdale,2032,6649.82
Drysdale,2033,6781.75
Drysdale,2034,6913.68
Drysdale,2035,7045.61
Drysdale,2036,7177.54
Drysdale,2037,7309.46
Drysdale,2038,7441.39
Drysdale,2039,7573.32
Drysdale,2040,7705.25
Drysdale,2041,7837.18
Drysdale,2042,7969.11
Drysdale,2043,8101.04
Drysdale,2044,8232.96
Drysdale,2045,8364.89
Drysdale,2046,8496.82
Drysdale,2047,8628.75
Drysdale,2048,8760.68
Drysdale,2049,8892.61
East Geelong,2012,3931.00
East Geelong,2013,3953.00
East Geelong,2014,3964.00
East Geelong,2015,3979.00
East Geelong,2016,3980.00
East Geelong,2017,4012.00
East Geelong,2018,4027.00
East Geelong,2019,4067.00
East Geelong,2020,4067.71
East Geelong,2021,4085.18
East Geelong,2022,4102.64
East Geelong,2023,4120.11
East Geelong,2024,4137.57
East Geelong,2025,4155.04
East Geelong,2026,4172.50
East Geelong,2027,4189.96
East Geelong,2028,4207.43
East Geelong,2029,4224.89
East Geelong,2030,4242.36
East Geelong,2031,4259.82
East Geelong,2032,4277.29
East Geelong,2033,4294.75
East Geelong,2034,4312.21
East Geelong,2035,4329.68
East Geelong,2036,4347.14
East Geelong,2037,4364.61
East Geelong,2038,4382.07
East Geelong,2039,4399.54
East Geelong,2040,4417.00
East Geelong,2041,4434.46
East Geelong,2042,4451.93
East Geelong,2043,4469.39
East Geelong,2044,4486.86
East Geelong,2045,4504.32
East Geelong,2046,4521.79
East Geelong,2047,4539.25
East Geelong,2048,4556.71
East Geelong,2049,4574.18
Grovedale,2012,14156.00
Grovedale,2013,13939.00
Grovedale,2014,13748.00
Grovedale,2015,14000.00
Grovedale,2016,14616.00
Grovedale,2017,15001.00
Grovedale,2018,15161.00
Grovedale,2019,15409.00
Grovedale,2020,15535.32
Grovedale,2021,15764.56
Grovedale,2022,15993.80
Grovedale,2023,16223.04
Grovedale,2024,16452.27
Grovedale,2025,16681.51
Grovedale,2026,16910.75
Grovedale,2027,17139.99
Grovedale,2028,17369.23
Grovedale,2029,17598.46
Grovedale,2030,17827.70
Grovedale,2031,18056.94
Grovedale,2032,18286.18
Grovedale,2033,18515.42
Grovedale,2034,18744.65
Grovedale,2035,18973.89
Grovedale,2036,19203.13
Grovedale,2037,19432.37
Grovedale,2038,19661.61
Grovedale,2039,19890.85
Grovedale,2040,20120.08
Grovedale,2041,20349.32
Grovedale,2042,20578.56
Grovedale,2043,20807.80
Grovedale,2044,21037.04
Grovedale,2045,21266.27
Grovedale,2046,21495.51
Grovedale,2047,21724.75
Grovedale,2048,21953.99
Grovedale,2049,22183.23
Hamlyn Heights,2012,6206.00
Hamlyn Heights,2013,6278.00
Hamlyn Heights,2014,6271.00
Hamlyn Heights,2015,6310.00
Hamlyn Heights,2016,6480.00
Hamlyn Heights,2017,6510.00
Hamlyn Heights,2018,6649.00
Hamlyn Heights,2019,6734.00
Hamlyn Heights,2020,6774.64
Hamlyn Heights,2021,6851.29
Hamlyn Heights,2022,6927.93
Hamlyn Heights,2023,7004.57
Hamlyn Heights,2024,7081.21
Hamlyn Heights,2025,7157.86
Hamlyn Heights,2026,7234.50
Hamlyn Heights,2027,7311.14
Hamlyn Heights,2028,7387.79
Hamlyn Heights,2029,7464.43
Hamlyn Heights,2030,7541.07
Hamlyn Heights,2031,7617.71
Hamlyn Heights,2032,7694.36
Hamlyn Heights,2033,7771.00
Hamlyn Heights,2034,7847.64
Hamlyn Heights,2035,7924.29
Hamlyn Heights,2036,8000.93
Hamlyn Heights,2037,8077.57
Hamlyn Heights,2038,8154.21
Hamlyn Heights,2039,8230.86
Hamlyn Heights,2040,8307.50
Hamlyn Heights,2041,8384.14
Hamlyn Heights,2042,8460.79
Hamlyn Heights,2043,8537.43
Hamlyn Heights,2044,8614.07
Hamlyn Heights,2045,8690.71
Hamlyn Heights,2046,8767.36
Hamlyn Heights,2047,8844.00
Hamlyn Heights,2048,8920.64
Hamlyn Heights,2049,8997.29
Herne Hill,2012,3655.00
Herne Hill,2013,3602.00
Herne Hill,2014,3597.00
Herne Hill,2015,3618.00
Herne Hill,2016,3703.00
Herne Hill,2017,3765.00
Herne Hill,2018,3811.00
Herne Hill,2019,3854.00
Herne Hill,2020,3862.79
Herne Hill,2021,3898.82
Herne Hill,2022,3934.86
Herne Hill,2023,3970.89
Herne Hill,2024,4006.93
Herne Hill,2025,4042.96
Herne Hill,2026,4079.00
Herne Hill,2027,4115.04
Herne Hill,2028,4151.07
Herne Hill,2029,4187.11
Herne Hill,2030,4223.14
Herne Hill,2031,4259.18
Herne Hill,2032,4295.21
Herne Hill,2033,4331.25
Herne Hill,2034,4367.29
Herne Hill,2035,4403.32
Herne Hill,2036,4439.36
Herne Hill,2037,4475.39
Herne Hill,2038,4511.43
Herne Hill,2039,4547.46
Herne Hill,2040,4583.50
Herne Hill,2041,4619.54
Herne Hill,2042,4655.57
Herne Hill,2043,4691.61
Herne Hill,2044,4727.64
Herne Hill,2045,4763.68
Herne Hill,2046,4799.71
Herne Hill,2047,4835.75
Herne Hill,2048,4871.79
Herne Hill,2049,4907.82
Highton,2012,19517.00
Highton,2013,20186.00
Highton,2014,20806.00
Highton,2015,21262.00
Highton,2016,21643.00
Highton,2017,21899.00
Highton,2018,22274.00
Highton,2019,22606.00
Highton,2020,23187.86
Highton,2021,23613.13
Highton,2022,24038.40
Highton,2023,24463.68
Highton,2024,24888.95
Highton,2025,25314.23
Highton,2026,25739.50
Highton,2027,26164.77
Highton,2028,26590.05
Highton,2029,27015.32
Highton,2030,27440.60
Highton,2031,27865.87
Highton,2032,28291.14
Highton,2033,28716.42
Highton,2034,29141.69
Highton,2035,29566.96
Highton,2036,29992.24
Highton,2037,30417.51
Highton,2038,30842.79
Highton,2039,31268.06
Highton,2040,31693.33
Highton,2041,32118.61
Highton,2042,32543.88
Highton,2043,32969.15
Highton,2044,33394.43
Highton,2045,33819.70
Highton,2046,34244.98
Highton,2047,34670.25
Highton,2048,35095.52
Highton,2049,35520.80
Lara,2012,14817.00
Lara,2013,15372.00
Lara,2014,15815.00
Lara,2015,16249.00
Lara,2016,16800.00
Lara,2017,17404.00
Lara,2018,18049.00
Lara,2019,18589.00
Lara,2020,19053.32
Lara,2021,19590.31
Lara,2022,20127.30
Lara,2023,20664.29
Lara,2024,21201.27
Lara,2025,21738.26
Lara,2026,22275.25
Lara,2027,22812.24
Lara,2028,23349.23
Lara,2029,23886.21
Lara,2030,24423.20
Lara,2031,24960.19
Lara,2032,25497.18
Lara,2033,26034.17
Lara,2034,26571.15
Lara,2035,27108.14
Lara,2036,27645.13
Lara,2037,28182.12
Lara,2038,28719.11
Lara,2039,29256.10
Lara,2040,29793.08
Lara,2041,30330.07
Lara,2042,30867.06
Lara,2043,31404.05
Lara,2044,31941.04
Lara,2045,32478.02
Lara,2046,33015.01
Lara,2047,33552.00
Lara,2048,34088.99
Lara,2049,34625.98
Leopold,2012,10701.00
Leopold,2013,11317.00
Leopold,2014,11910.00
Leopold,2015,12447.00
Leopold,2016,13140.00
Leopold,2017,13528.00
Leopold,2018,13753.00
Leopold,2019,13836.00
Leopold,2020,14704.29
Leopold,2021,15176.57
Leopold,2022,15648.86
Leopold,2023,16121.14
Leopold,2024,16593.43
Leopold,2025,17065.71
Leopold,2026,17538.00
Leopold,2027,18010.29
Leopold,2028,18482.57
Leopold,2029,18954.86
Leopold,2030,19427.14
Leopold,2031,19899.43
Leopold,2032,20371.71
Leopold,2033,20844.00
Leopold,2034,21316.29
Leopold,2035,21788.57
Leopold,2036,22260.86
Leopold,2037,22733.14
Leopold,2038,23205.43
Leopold,2039,23677.71
Leopold,2040,24150.00
Leopold,2041,24622.29
Leopold,2042,25094.57
Leopold,2043,25566.86
Leopold,2044,26039.14
Leopold,2045,26511.43
Leopold,2046,26983.71
Leopold,2047,27456.00
Leopold,2048,27928.29
Leopold,2049,28400.57
Lovely banks,2012,2654.00
Lovely banks,2013,2637.00
Lovely banks,2014,2628.00
Lovely banks,2015,2652.00
Lovely banks,2016,2705.00
Lovely banks,2017,2732.00
Lovely banks,2018,2752.00
Lovely banks,2019,2776.00
Lovely Banks,2020,2788.11
Lovely Banks,2021,2809.46
Lovely Banks,2022,2830.82
Lovely Banks,2023,2852.18
Lovely Banks,2024,2873.54
Lovely Banks,2025,2894.89
Lovely Banks,2026,2916.25
Lovely Banks,2027,2937.61
Lovely Banks,2028,2958.96
Lovely Banks,2029,2980.32
Lovely Banks,2030,3001.68
Lovely Banks,2031,3023.04
Lovely Banks,2032,3044.39
Lovely Banks,2033,3065.75
Lovely Banks,2034,3087.11
Lovely Banks,2035,3108.46
Lovely Banks,2036,3129.82
Lovely Banks,2037,3151.18
Lovely Banks,2038,3172.54
Lovely Banks,2039,3193.89
Lovely Banks,2040,3215.25
Lovely Banks,2041,3236.61
Lovely Banks,2042,3257.96
Lovely Banks,2043,3279.32
Lovely Banks,2044,3300.68
Lovely Banks,2045,3322.04
Lovely Banks,2046,3343.39
Lovely Banks,2047,3364.75
Lovely Banks,2048,3386.11
Lovely Banks,2049,3407.46
Marshall,2012,1807.00
Marshall,2013,1885.00
Marshall,2014,1985.00
Marshall,2015,2097.00
Marshall,2016,2304.00
Marshall,2017,2665.00
Marshall,2018,3206.00
Marshall,2019,3557.00
Marshall,2020,3568.71
Marshall,2021,3819.93
Marshall,2022,4071.14
Marshall,2023,4322.36
Marshall,2024,4573.57
Marshall,2025,4824.79
Marshall,2026,5076.00
Marshall,2027,5327.21
Marshall,2028,5578.43
Marshall,2029,5829.64
Marshall,2030,6080.86
Marshall,2031,6332.07
Marshall,2032,6583.29
Marshall,2033,6834.50
Marshall,2034,7085.71
Marshall,2035,7336.93
Marshall,2036,7588.14
Marshall,2037,7839.36
Marshall,2038,8090.57
Marshall,2039,8341.79
Marshall,2040,8593.00
Marshall,2041,8844.21
Marshall,2042,9095.43
Marshall,2043,9346.64
Marshall,2044,9597.86
Marshall,2045,9849.07
Marshall,2046,10100.29
Marshall,2047,10351.50
Marshall,2048,10602.71
Marshall,2049,10853.93
Newcomb,2012,5826.00
Newcomb,2013,5828.00
Newcomb,2014,5863.00
Newcomb,2015,5887.00
Newcomb,2016,5980.00
Newcomb,2017,6001.00
Newcomb,2018,6064.00
Newcomb,2019,6101.00
Newcomb,2020,6137.25
Newcomb,2021,6180.25
Newcomb,2022,6223.25
Newcomb,2023,6266.25
Newcomb,2024,6309.25
Newcomb,2025,6352.25
Newcomb,2026,6395.25
Newcomb,2027,6438.25
Newcomb,2028,6481.25
Newcomb,2029,6524.25
Newcomb,2030,6567.25
Newcomb,2031,6610.25
Newcomb,2032,6653.25
Newcomb,2033,6696.25
Newcomb,2034,6739.25
Newcomb,2035,6782.25
Newcomb,2036,6825.25
Newcomb,2037,6868.25
Newcomb,2038,6911.25
Newcomb,2039,6954.25
Newcomb,2040,6997.25
Newcomb,2041,7040.25
Newcomb,2042,7083.25
Newcomb,2043,7126.25
Newcomb,2044,7169.25
Newcomb,2045,7212.25
Newcomb,2046,7255.25
Newcomb,2047,7298.25
Newcomb,2048,7341.25
Newcomb,2049,7384.25
Newtown,2012,10087.00
Newtown,2013,10230.00
Newtown,2014,10314.00
Newtown,2015,10424.00
Newtown,2016,10483.00
Newtown,2017,10597.00
Newtown,2018,10719.00
Newtown,2019,10833.00
Newtown,2020,10920.25
Newtown,2021,11022.33
Newtown,2022,11124.42
Newtown,2023,11226.50
Newtown,2024,11328.58
Newtown,2025,11430.67
Newtown,2026,11532.75
Newtown,2027,11634.83
Newtown,2028,11736.92
Newtown,2029,11839.00
Newtown,2030,11941.08
Newtown,2031,12043.17
Newtown,2032,12145.25
Newtown,2033,12247.33
Newtown,2034,12349.42
Newtown,2035,12451.50
Newtown,2036,12553.58
Newtown,2037,12655.67
Newtown,2038,12757.75
Newtown,2039,12859.83
Newtown,2040,12961.92
Newtown,2041,13064.00
Newtown,2042,13166.08
Newtown,2043,13268.17
Newtown,2044,13370.25
Newtown,2045,13472.33
Newtown,2046,13574.42
Newtown,2047,13676.50
Newtown,2048,13778.58
Newtown,2049,13880.67
Norlane,2012,8584
Norlane,2013,8621
Norlane,2014,8736
Norlane,2015,8785
Norlane,2016,8888
Norlane,2017,8927
Norlane,2018,8978
Norlane,2019,9018
Norlane,2020,9111.71
Norlane,2021,9177.18
Norlane,2022,9242.64
Norlane,2023,9308.11
Norlane,2024,9373.57
Norlane,2025,9439.04
Norlane,2026,9504.50
Norlane,2027,9569.96
Norlane,2028,9635.43
Norlane,2029,9700.89
Norlane,2030,9766.36
Norlane,2031,9831.82
Norlane,2032,9897.29
Norlane,2033,9962.75
Norlane,2034,10028.21
Norlane,2035,10093.68
Norlane,2036,10159.14
Norlane,2037,10224.61
Norlane,2038,10290.07
Norlane,2039,10355.54
Norlane,2040,10421.00
Norlane,2041,10486.46
Norlane,2042,10551.93
Norlane,2043,10617.39
Norlane,2044,10682.86
Norlane,2045,10748.32
Norlane,2046,10813.79
Norlane,2047,10879.25
Norlane,2048,10944.71
Norlane,2049,11010.18
North Geelong,2012,3455.00
North Geelong,2013,3559.00
North Geelong,2014,3686.00
North Geelong,2015,3801.00
North Geelong,2016,3947.00
North Geelong,2017,4063.00
North Geelong,2018,4099.00
North Geelong,2019,4191.00
North Geelong,2020,4339.18
North Geelong,2021,4447.86
North Geelong,2022,4556.54
North Geelong,2023,4665.21
North Geelong,2024,4773.89
North Geelong,2025,4882.57
North Geelong,2026,4991.25
North Geelong,2027,5099.93
North Geelong,2028,5208.61
North Geelong,2029,5317.29
North Geelong,2030,5425.96
North Geelong,2031,5534.64
North Geelong,2032,5643.32
North Geelong,2033,5752.00
North Geelong,2034,5860.68
North Geelong,2035,5969.36
North Geelong,2036,6078.04
North Geelong,2037,6186.71
North Geelong,2038,6295.39
North Geelong,2039,6404.07
North Geelong,2040,6512.75
North Geelong,2041,6621.43
North Geelong,2042,6730.11
North Geelong,2043,6838.79
North Geelong,2044,6947.46
North Geelong,2045,7056.14
North Geelong,2046,7164.82
North Geelong,2047,7273.50
North Geelong,2048,7382.18
North Geelong,2049,7490.86
Ocean Grove,2012,13052.00
Ocean Grove,2013,13175.00
Ocean Grove,2014,13539.00
Ocean Grove,2015,14009.00
Ocean Grove,2016,14608.00
Ocean Grove,2017,15215.00
Ocean Grove,2018,15760.00
Ocean Grove,2019,16494.00
Ocean Grove,2020,16766.11
Ocean Grove,2021,17273.80
Ocean Grove,2022,17781.49
Ocean Grove,2023,18289.18
Ocean Grove,2024,18796.87
Ocean Grove,2025,19304.56
Ocean Grove,2026,19812.25
Ocean Grove,2027,20319.94
Ocean Grove,2028,20827.63
Ocean Grove,2029,21335.32
Ocean Grove,2030,21843.01
Ocean Grove,2031,22350.70
Ocean Grove,2032,22858.39
Ocean Grove,2033,23366.08
Ocean Grove,2034,23873.77
Ocean Grove,2035,24381.46
Ocean Grove,2036,24889.15
Ocean Grove,2037,25396.85
Ocean Grove,2038,25904.54
Ocean Grove,2039,26412.23
Ocean Grove,2040,26919.92
Ocean Grove,2041,27427.61
Ocean Grove,2042,27935.30
Ocean Grove,2043,28442.99
Ocean Grove,2044,28950.68
Ocean Grove,2045,29458.37
Ocean Grove,2046,29966.06
Ocean Grove,2047,30473.75
Ocean Grove,2048,30981.44
Ocean Grove,2049,31489.13
Portarlington,2012,3507.00
Portarlington,2013,3557.00
Portarlington,2014,3560.00
Portarlington,2015,3600.00
Portarlington,2016,3681.00
Portarlington,2017,3740.00
Portarlington,2018,3868.00
Portarlington,2019,4018.00
Portarlington,2020,3999.57
Portarlington,2021,4068.06
Portarlington,2022,4136.55
Portarlington,2023,4205.04
Portarlington,2024,4273.52
Portarlington,2025,4342.01
Portarlington,2026,4410.50
Portarlington,2027,4478.99
Portarlington,2028,4547.48
Portarlington,2029,4615.96
Portarlington,2030,4684.45
Portarlington,2031,4752.94
Portarlington,2032,4821.43
Portarlington,2033,4889.92
Portarlington,2034,4958.40
Portarlington,2035,5026.89
Portarlington,2036,5095.38
Portarlington,2037,5163.87
Portarlington,2038,5232.36
Portarlington,2039,5300.85
Portarlington,2040,5369.33
Portarlington,2041,5437.82
Portarlington,2042,5506.31
Portarlington,2043,5574.80
Portarlington,2044,5643.29
Portarlington,2045,5711.77
Portarlington,2046,5780.26
Portarlington,2047,5848.75
Portarlington,2048,5917.24
Portarlington,2049,5985.73
Rural Bellarine Peninsula,2012,2473.00
Rural Bellarine Peninsula,2013,2565.00
Rural Bellarine Peninsula,2014,2673.00
Rural Bellarine Peninsula,2015,2783.00
Rural Bellarine Peninsula,2016,2892.00
Rural Bellarine Peninsula,2017,2991.00
Rural Bellarine Peninsula,2018,3130.00
Rural Bellarine Peninsula,2019,3245.00
Rural Bellarine Peninsula,2020,3341.79
Rural Bellarine Peninsula,2021,3452.40
Rural Bellarine Peninsula,2022,3563.02
Rural Bellarine Peninsula,2023,3673.64
Rural Bellarine Peninsula,2024,3784.26
Rural Bellarine Peninsula,2025,3894.88
Rural Bellarine Peninsula,2026,4005.50
Rural Bellarine Peninsula,2027,4116.12
Rural Bellarine Peninsula,2028,4226.74
Rural Bellarine Peninsula,2029,4337.36
Rural Bellarine Peninsula,2030,4447.98
Rural Bellarine Peninsula,2031,4558.60
Rural Bellarine Peninsula,2032,4669.21
Rural Bellarine Peninsula,2033,4779.83
Rural Bellarine Peninsula,2034,4890.45
Rural Bellarine Peninsula,2035,5001.07
Rural Bellarine Peninsula,2036,5111.69
Rural Bellarine Peninsula,2037,5222.31
Rural Bellarine Peninsula,2038,5332.93
Rural Bellarine Peninsula,2039,5443.55
Rural Bellarine Peninsula,2040,5554.17
Rural Bellarine Peninsula,2041,5664.79
Rural Bellarine Peninsula,2042,5775.40
Rural Bellarine Peninsula,2043,5886.02
Rural Bellarine Peninsula,2044,5996.64
Rural Bellarine Peninsula,2045,6107.26
Rural Bellarine Peninsula,2046,6217.88
Rural Bellarine Peninsula,2047,6328.50
Rural Bellarine Peninsula,2048,6439.12
Rural Bellarine Peninsula,2049,6549.74
Rural North,2012,1685.00
Rural North,2013,1693.00
Rural North,2014,1719.00
Rural North,2015,1735.00
Rural North,2016,1785.00
Rural North,2017,1834.00
Rural North,2018,1927.00
Rural North,2019,1987.00
Rural North,2020,1992.71
Rural North,2021,2036.51
Rural North,2022,2080.31
Rural North,2023,2124.11
Rural North,2024,2167.90
Rural North,2025,2211.70
Rural North,2026,2255.50
Rural North,2027,2299.30
Rural North,2028,2343.10
Rural North,2029,2386.89
Rural North,2030,2430.69
Rural North,2031,2474.49
Rural North,2032,2518.29
Rural North,2033,2562.08
Rural North,2034,2605.88
Rural North,2035,2649.68
Rural North,2036,2693.48
Rural North,2037,2737.27
Rural North,2038,2781.07
Rural North,2039,2824.87
Rural North,2040,2868.67
Rural North,2041,2912.46
Rural North,2042,2956.26
Rural North,2043,3000.06
Rural North,2044,3043.86
Rural North,2045,3087.65
Rural North,2046,3131.45
Rural North,2047,3175.25
Rural North,2048,3219.05
Rural North,2049,3262.85
South Geelong,2012,3660.00
South Geelong,2013,3667.00
South Geelong,2014,3695.00
South Geelong,2015,3680.00
South Geelong,2016,3727.00
South Geelong,2017,3758.00
South Geelong,2018,3840.00
South Geelong,2019,3813.00
South Geelong,2020,3846.36
South Geelong,2021,3872.21
South Geelong,2022,3898.07
South Geelong,2023,3923.93
South Geelong,2024,3949.79
South Geelong,2025,3975.64
South Geelong,2026,4001.50
South Geelong,2027,4027.36
South Geelong,2028,4053.21
South Geelong,2029,4079.07
South Geelong,2030,4104.93
South Geelong,2031,4130.79
South Geelong,2032,4156.64
South Geelong,2033,4182.50
South Geelong,2034,4208.36
South Geelong,2035,4234.21
South Geelong,2036,4260.07
South Geelong,2037,4285.93
South Geelong,2038,4311.79
South Geelong,2039,4337.64
South Geelong,2040,4363.50
South Geelong,2041,4389.36
South Geelong,2042,4415.21
South Geelong,2043,4441.07
South Geelong,2044,4466.93
South Geelong,2045,4492.79
South Geelong,2046,4518.64
South Geelong,2047,4544.50
South Geelong,2048,4570.36
South Geelong,2049,4596.21
St Albans Park,2012,5000.00
St Albans Park,2013,4931.00
St Albans Park,2014,4920.00
St Albans Park,2015,4919.00
St Albans Park,2016,4931.00
St Albans Park,2017,4936.00
St Albans Park,2018,4949.00
St Albans Park,2019,5059.00
St Albans Park,2020,4985.79
St Albans Park,2021,4992.49
St Albans Park,2022,4999.19
St Albans Park,2023,5005.89
St Albans Park,2024,5012.60
St Albans Park,2025,5019.30
St Albans Park,2026,5026.00
St Albans Park,2027,5032.70
St Albans Park,2028,5039.40
St Albans Park,2029,5046.11
St Albans Park,2030,5052.81
St Albans Park,2031,5059.51
St Albans Park,2032,5066.21
St Albans Park,2033,5072.92
St Albans Park,2034,5079.62
St Albans Park,2035,5086.32
St Albans Park,2036,5093.02
St Albans Park,2037,5099.73
St Albans Park,2038,5106.43
St Albans Park,2039,5113.13
St Albans Park,2040,5119.83
St Albans Park,2041,5126.54
St Albans Park,2042,5133.24
St Albans Park,2043,5139.94
St Albans Park,2044,5146.64
St Albans Park,2045,5153.35
St Albans Park,2046,5160.05
St Albans Park,2047,5166.75
St Albans Park,2048,5173.45
St Albans Park,2049,5180.15
St Leonards,2012,3233.00
St Leonards,2013,3343.00
St Leonards,2014,3440.00
St Leonards,2015,3534.00
St Leonards,2016,3671.00
St Leonards,2017,3777.00
St Leonards,2018,3871.00
St Leonards,2019,3961.00
St Leonards,2020,4079.68
St Leonards,2021,4185.44
St Leonards,2022,4291.20
St Leonards,2023,4396.96
St Leonards,2024,4502.73
St Leonards,2025,4608.49
St Leonards,2026,4714.25
St Leonards,2027,4820.01
St Leonards,2028,4925.77
St Leonards,2029,5031.54
St Leonards,2030,5137.30
St Leonards,2031,5243.06
St Leonards,2032,5348.82
St Leonards,2033,5454.58
St Leonards,2034,5560.35
St Leonards,2035,5666.11
St Leonards,2036,5771.87
St Leonards,2037,5877.63
St Leonards,2038,5983.39
St Leonards,2039,6089.15
St Leonards,2040,6194.92
St Leonards,2041,6300.68
St Leonards,2042,6406.44
St Leonards,2043,6512.20
St Leonards,2044,6617.96
St Leonards,2045,6723.73
St Leonards,2046,6829.49
St Leonards,2047,6935.25
St Leonards,2048,7041.01
St Leonards,2049,7146.77
Warun Ponds,2012,4438.00
Warun Ponds,2013,4628.00
Warun Ponds,2014,4837.00
Warun Ponds,2015,5066.00
Warun Ponds,2016,5438.00
Warun Ponds,2017,5614.00
Warun Ponds,2018,5771.00
Warun Ponds,2019,5880.00
Warun ponds,2020,6200.71
Warun ponds,2021,6421.10
Warun ponds,2022,6641.48
Warun ponds,2023,6861.86
Warun ponds,2024,7082.24
Warun ponds,2025,7302.62
Warun ponds,2026,7523.00
Warun ponds,2027,7743.38
Warun ponds,2028,7963.76
Warun ponds,2029,8184.14
Warun ponds,2030,8404.52
Warun ponds,2031,8624.90
Warun ponds,2032,8845.29
Warun ponds,2033,9065.67
Warun ponds,2034,9286.05
Warun ponds,2035,9506.43
Warun ponds,2036,9726.81
Warun ponds,2037,9947.19
Warun ponds,2038,10167.57
Warun ponds,2039,10387.95
Warun ponds,2040,10608.33
Warun ponds,2041,10828.71
Warun ponds,2042,11049.10
Warun ponds,2043,11269.48
Warun ponds,2044,11489.86
Warun ponds,2045,11710.24
Warun ponds,2046,11930.62
Warun ponds,2047,12151.00
Warun ponds,2048,12371.38
Warun ponds,2049,12591.76
Geelong West,2012,9499.00
Geelong West,2013,9554.00
Geelong West,2014,9640.00
Geelong West,2015,9707.00
Geelong West,2016,9884.00
Geelong West,2017,10014.00
Geelong West,2018,10158.00
Geelong West,2019,10329.00
West Geelong,2020,10390.75
West Geelong,2021,10511.33
West Geelong,2022,10631.92
West Geelong,2023,10752.50
West Geelong,2024,10873.08
West Geelong,2025,10993.67
West Geelong,2026,11114.25
West Geelong,2027,11234.83
West Geelong,2028,11355.42
West Geelong,2029,11476.00
West Geelong,2030,11596.58
West Geelong,2031,11717.17
West Geelong,2032,11837.75
West Geelong,2033,11958.33
West Geelong,2034,12078.92
West Geelong,2035,12199.50
West Geelong,2036,12320.08
West Geelong,2037,12440.67
West Geelong,2038,12561.25
West Geelong,2039,12681.83
West Geelong,2040,12802.42
West Geelong,2041,12923.00
West Geelong,2042,13043.58
West Geelong,2043,13164.17
West Geelong,2044,13284.75
West Geelong,2045,13405.33
West Geelong,2046,13525.92
West Geelong,2047,13646.50
West Geelong,2048,13767.08
West Geelong,2049,13887.67
Whittingtons,2012,4104.00
Whittingtons,2013,4117.00
Whittingtons,2014,4028.00
Whittingtons,2015,3965.00
Whittingtons,2016,3953.00
Whittingtons,2017,3956.00
Whittingtons,2018,3928.00
Whittingtons,2019,3949.00
Whittingtons,2020,3879.04
Whittingtons,2021,3852.15
Whittingtons,2022,3825.27
Whittingtons,2023,3798.39
Whittingtons,2024,3771.51
Whittingtons,2025,3744.63
Whittingtons,2026,3717.75
Whittingtons,2027,3690.87
Whittingtons,2028,3663.99
Whittingtons,2029,3637.11
Whittingtons,2030,3610.23
Whittingtons,2031,3583.35
Whittingtons,2032,3556.46
Whittingtons,2033,3529.58
Whittingtons,2034,3502.70
Whittingtons,2035,3475.82
Whittingtons,2036,3448.94
Whittingtons,2037,3422.06
Whittingtons,2038,3395.18
Whittingtons,2039,3368.30
Whittingtons,2040,3341.42
Whittingtons,2041,3314.54
Whittingtons,2042,3287.65
Whittingtons,2043,3260.77
Whittingtons,2044,3233.89
Whittingtons,2045,3207.01
Whittingtons,2046,3180.13
Whittingtons,2047,3153.25
Whittingtons,2048,3126.37
Whittingtons,2049,3099.49
